Country,Year,Happiness Rank,Happiness Score,Economy (GDP per Capita),Health (Life Expectancy),Freedom,Trust (Government Corruption),Lower Confidence Interval,Upper Confidence Interval,Generosity,Dystopia Residual
Switzerland,2015,1,7.587,1.39651,0.94143,0.66557,0.41978,7.5201443999999995,7.5201443999999995,0.29678,2.51738
Iceland,2015,2,7.561,1.30232,0.94784,0.62877,0.14145,7.4652736,7.4652736,0.4363,2.70201
Denmark,2015,3,7.527,1.32548,0.87464,0.64938,0.48357,7.4617712,7.4617712,0.34139,2.49204
Norway,2015,4,7.522,1.459,0.88521,0.66973,0.36503,7.445952,7.445952,0.34699,2.46531
Canada,2015,5,7.427,1.32629,0.90563,0.63297,0.32957,7.3573612,7.3573612,0.45811,2.45176
Finland,2015,6,7.406,1.29025,0.88911,0.64169,0.41372,7.344456,7.344456,0.23351,2.61955
Netherlands,2015,7,7.378,1.32944,0.89284,0.61576,0.31814,7.3231396,7.3231396,0.4761,2.4657
Sweden,2015,8,7.364,1.33171,0.91087,0.6598,0.43844,7.3021228,7.3021228,0.36262,2.37119
New Zealand,2015,9,7.286,1.25018,0.90837,0.63938,0.42922,7.2199284,7.2199284,0.47501,2.26425
Australia,2015,10,7.284,1.33358,0.93156,0.65124,0.35637,7.2039732,7.2039732,0.43562,2.26646
Israel,2015,11,7.278,1.22857,0.91387,0.41319,0.07785,7.209987999999999,7.209987999999999,0.33172,3.08854
Costa Rica,2015,12,7.226,0.95578,0.86027,0.63376,0.10583,7.1387016,7.1387016,0.25497,3.17728
Austria,2015,13,7.2,1.33723,0.89042,0.62433,0.18676,7.1264804,7.1264804,0.33088,2.5332
Mexico,2015,14,7.187,1.02054,0.81444,0.48181,0.21312,7.1051504,7.1051504,0.14074,3.60214
United States,2015,15,7.119,1.39451,0.86179,0.54604,0.1589,7.0437556,7.0437556,0.40105,2.51011
Brazil,2015,16,6.983,0.98124,0.69702,0.49049,0.17521,6.9031104,6.9031104,0.14574,3.26001
Luxembourg,2015,17,6.946,1.56391,0.91894,0.61583,0.37798,6.8774196,6.8774196,0.28034,1.96961
Ireland,2015,18,6.94,1.33596,0.89533,0.61777,0.28703,6.867950400000001,6.867950400000001,0.45901,1.9757
Belgium,2015,19,6.937,1.30782,0.89667,0.5845,0.2254,6.866538,6.866538,0.2225,2.41484
United Arab Emirates,2015,20,6.901,1.42727,0.80925,0.64157,0.38583,6.8279116,6.8279116,0.26428,2.24743
United Kingdom,2015,21,6.867,1.26637,0.90943,0.59625,0.32067,6.8304264,6.8304264,0.51912,1.96994
Oman,2015,22,6.853,1.36011,0.76276,0.63274,0.32524,6.748434,6.748434,0.21542,2.47489
Venezuela,2015,23,6.81,1.04424,0.72052,0.42908,0.11069,6.683070399999999,6.683070399999999,0.05841,3.19131
Singapore,2015,24,6.798,1.52186,1.02525,0.54252,0.4921,6.723912,6.723912,0.31105,1.88501
Panama,2015,25,6.786,1.06353,0.79661,0.5421,0.0927,6.689763999999999,6.689763999999999,0.24434,2.84848
Germany,2015,26,6.75,1.32792,0.89186,0.61477,0.21843,6.7137792,6.7137792,0.28214,2.11569
Chile,2015,27,6.67,1.10715,0.85857,0.44132,0.12869,6.5563199999999995,6.5563199999999995,0.33363,2.67585
Qatar,2015,28,6.611,1.69042,0.79733,0.6404,0.52208,6.4883628,6.4883628,0.32573,1.55674
France,2015,29,6.575,1.27778,0.94579,0.55011,0.20646,6.5061648000000005,6.5061648000000005,0.12332,2.21126
Argentina,2015,30,6.574,1.05351,0.78723,0.44974,0.08484,6.4836048,6.4836048,0.11451,2.836
Czech Republic,2015,31,6.505,1.17898,0.84483,0.46364,0.02652,6.4233072,6.4233072,0.10686,2.67782
Uruguay,2015,32,6.485,1.06166,0.8116,0.60362,0.24558,6.3960356,6.3960356,0.2324,2.32142
Colombia,2015,33,6.477,0.91861,0.69077,0.53466,0.0512,6.3780004,6.3780004,0.18401,2.85737
Thailand,2015,34,6.455,0.9669,0.7385,0.55664,0.03187,6.3852828,6.3852828,0.5763,2.31945
Saudi Arabia,2015,35,6.411,1.39541,0.72025,0.31048,0.32524,6.320193199999999,6.320193199999999,0.13706,2.43872
Spain,2015,36,6.329,1.23011,0.95562,0.45951,0.06398,6.2610272,6.2610272,0.18227,2.12367
Malta,2015,37,6.302,1.2074,0.88721,0.60365,0.13586,6.219562399999999,6.219562399999999,0.51752,1.6488
Taiwan,2015,38,6.298,1.29098,0.8753,0.3974,0.08129,6.2221872000000005,6.2221872000000005,0.25376,2.32323
Kuwait,2015,39,6.295,1.55422,0.72492,0.55499,0.25609,6.2076624,6.2076624,0.16228,1.87634
Suriname,2015,40,6.269,0.99534,0.6082,0.59657,0.13633,6.076704400000001,6.076704400000001,0.16991,2.79094
Trinidad and Tobago,2015,41,6.168,1.21183,0.61483,0.55884,0.0114,5.954458,5.954458,0.31844,2.26882
El Salvador,2015,42,6.13,0.76454,0.67737,0.4035,0.11776,6.0198872,6.0198872,0.10692,3.035
Guatemala,2015,43,6.123,0.74553,0.64425,0.57733,0.09472,6.0206096,6.0206096,0.27489,2.74255
Uzbekistan,2015,44,6.003,0.63244,0.59772,0.65821,0.30826,5.9175244000000005,5.9175244000000005,0.22837,2.23741
Slovakia,2015,45,5.995,1.16891,0.78902,0.31751,0.03431,5.9113668,5.9113668,0.16893,2.24639
Japan,2015,46,5.987,1.27074,0.99111,0.49615,0.1806,5.9168124,5.9168124,0.10705,1.68435
South Korea,2015,47,5.984,1.24461,0.96538,0.33208,0.07857,5.9036792,5.9036792,0.18557,2.21978
Ecuador,2015,48,5.975,0.86402,0.79075,0.48574,0.1809,5.886251199999999,5.886251199999999,0.11541,2.53942
Bahrain,2015,49,5.96,1.32376,0.74716,0.45492,0.306,5.8539248,5.8539248,0.17362,1.73797
Italy,2015,50,5.948,1.25114,0.95446,0.26236,0.02901,5.8712856,5.8712856,0.22823,2.02518
Bolivia,2015,51,5.89,0.68133,0.5392,0.57414,0.088,5.7794168,5.7794168,0.20536,2.82334
Moldova,2015,52,5.889,0.59448,0.61826,0.32818,0.01615,5.8145396,5.8145396,0.20951,3.10712
Paraguay,2015,53,5.878,0.75985,0.66098,0.53899,0.08242,5.7885652,5.7885652,0.3424,2.18896
Kazakhstan,2015,54,5.855,1.12254,0.64368,0.51649,0.08454,5.7743656,5.7743656,0.11827,2.24729
Slovenia,2015,55,5.848,1.18498,0.87337,0.60855,0.03787,5.7646804,5.7646804,0.25328,1.61583
Lithuania,2015,56,5.833,1.14723,0.73128,0.21342,0.01031,5.7576772,5.7576772,0.02641,2.44649
Nicaragua,2015,57,5.828,0.59325,0.74314,0.55475,0.19317,5.7227284,5.7227284,0.27815,2.32407
Peru,2015,58,5.824,0.90019,0.73017,0.41496,0.05989,5.733546,5.733546,0.14982,2.5945
Belarus,2015,59,5.813,1.03192,0.73608,0.37938,0.1909,5.735815199999999,5.735815199999999,0.11046,2.1309
Poland,2015,60,5.791,1.12555,0.77903,0.53122,0.04212,5.7074452,5.7074452,0.16759,1.86565
Malaysia,2015,61,5.77,1.12486,0.72394,0.53024,0.10501,5.685131999999999,5.685131999999999,0.33075,1.88541
Croatia,2015,62,5.759,1.08254,0.78805,0.25883,0.0243,5.6728776000000005,5.6728776000000005,0.05444,2.75414
Libya,2015,63,5.754,1.13145,0.7038,0.41668,0.11023,5.6004928,5.6004928,0.18295,2.09066
Russia,2015,64,5.716,1.13764,0.66926,0.36679,0.03005,5.654554,5.654554,0.00199,2.27394
Jamaica,2015,65,5.709,0.81038,0.68741,0.50442,0.02299,5.440617199999999,5.440617199999999,0.2123,2.32038
North Cyprus,2015,66,5.695,1.20806,0.92356,0.49027,0.1428,5.584554000000001,5.584554000000001,0.26169,1.59888
Cyprus,2015,67,5.689,1.20813,0.92356,0.40672,0.06146,5.579632,5.579632,0.30638,1.88931
Algeria,2015,68,5.605,0.93929,0.61766,0.28579,0.17383,5.5050596,5.5050596,0.07822,2.43209
Kosovo,2015,69,5.589,0.80148,0.63132,0.24749,0.04741,5.490647200000001,5.490647200000001,0.2831,2.76579
Turkmenistan,2015,70,5.548,0.95847,0.53886,0.4761,0.30844,5.46617,5.46617,0.16979,1.86984
Mauritius,2015,71,5.477,1.00761,0.7095,0.56066,0.07521,5.3359388,5.3359388,0.37744,1.76145
Hong Kong,2015,72,5.474,1.38604,1.01328,0.59608,0.37124,5.3750004,5.3750004,0.39478,0.65429
Estonia,2015,73,5.429,1.15174,0.77361,0.44888,0.15184,5.3503452000000005,5.3503452000000005,0.0868,1.58782
Indonesia,2015,74,5.399,0.82827,0.63793,0.46611,0.0,5.3481184,5.3481184,0.51535,1.86399
Vietnam,2015,75,5.36,0.63216,0.74676,0.59444,0.10441,5.2991028,5.2991028,0.1686,2.20173
Turkey,2015,76,5.332,1.06098,0.73172,0.22815,0.15746,5.2562656,5.2562656,0.12253,2.08528
Kyrgyzstan,2015,77,5.286,0.47428,0.65088,0.43477,0.04232,5.2110692,5.2110692,0.3003,2.2327
Nigeria,2015,78,5.268,0.65435,0.16007,0.34334,0.0403,5.1858368,5.1858368,0.27233,2.89319
Bhutan,2015,79,5.253,0.77042,0.57407,0.53206,0.15445,5.18979,5.18979,0.47998,1.63794
Azerbaijan,2015,80,5.212,1.02389,0.64045,0.3703,0.16065,5.1460852,5.1460852,0.07799,2.00073
Pakistan,2015,81,5.194,0.59543,0.51466,0.12102,0.10464,5.1209704,5.1209704,0.33671,3.10709
Jordan,2015,82,5.192,0.90198,0.69639,0.40661,0.14293,5.1033296,5.1033296,0.11053,1.87996
Montenegro,2015,82,5.192,0.97438,0.72521,0.1826,0.14296,5.089394,5.089394,0.1614,2.10017
China,2015,84,5.14,0.89012,0.81658,0.51697,0.02781,5.0924895999999995,5.0924895999999995,0.08185,1.8604
Zambia,2015,85,5.129,0.47038,0.29924,0.48827,0.12468,4.992035199999999,4.992035199999999,0.19591,2.6343
Romania,2015,86,5.124,1.04345,0.7689,0.35068,0.00649,4.994502799999999,4.994502799999999,0.13748,1.93129
Serbia,2015,87,5.123,0.92053,0.74836,0.20107,0.02617,5.027665600000001,5.027665600000001,0.19231,2.025
Portugal,2015,88,5.102,1.15991,0.87519,0.51469,0.01078,5.007880800000001,5.007880800000001,0.13719,1.26462
Latvia,2015,89,5.098,1.11312,0.72437,0.29671,0.06332,5.0070559999999995,5.0070559999999995,0.18226,1.62215
Philippines,2015,90,5.073,0.70532,0.58114,0.62545,0.12279,4.9762936,4.9762936,0.24991,1.7536
Somaliland region,2015,91,5.057,0.18847,0.43873,0.46582,0.39928,4.9362444000000005,4.9362444000000005,0.50318,2.11032
Morocco,2015,92,5.013,0.73479,0.60954,0.41691,0.08546,4.945968,4.945968,0.07172,2.45373
Macedonia,2015,93,5.007,0.91851,0.73545,0.33457,0.05327,4.901630399999999,4.901630399999999,0.22359,1.73933
Mozambique,2015,94,4.971,0.08308,0.09131,0.34037,0.15603,4.8162384000000005,4.8162384000000005,0.22269,3.05137
Albania,2015,95,4.959,0.87867,0.81325,0.35733,0.06413,4.860745199999999,4.860745199999999,0.14272,1.89894
Bosnia and Herzegovina,2015,96,4.949,0.83223,0.79081,0.09245,0.00227,4.8135052,4.8135052,0.24808,2.06367
Lesotho,2015,97,4.898,0.37545,0.07612,0.31767,0.12504,4.7130152,4.7130152,0.16388,2.79832
Dominican Republic,2015,98,4.885,0.89537,0.66825,0.57672,0.14234,4.739058399999999,4.739058399999999,0.21684,1.21305
Laos,2015,99,4.876,0.59066,0.54909,0.59591,0.24249,4.7447192000000005,4.7447192000000005,0.42192,1.73799
Mongolia,2015,100,4.874,0.82819,0.60268,0.43626,0.02666,4.8090652,4.8090652,0.3323,1.34759
Swaziland,2015,101,4.867,0.71206,0.07566,0.30658,0.0306,4.6956568,4.6956568,0.18259,2.48676
Greece,2015,102,4.857,1.15406,0.88213,0.07699,0.01397,4.7577848000000005,4.7577848000000005,0.0,1.80101
Lebanon,2015,103,4.839,1.02564,0.83947,0.33916,0.04582,4.7539948,4.7539948,0.21854,1.57059
Hungary,2015,104,4.8,1.12094,0.75905,0.32112,0.02758,4.6803028,4.6803028,0.128,1.24074
Honduras,2015,105,4.788,0.59532,0.6951,0.40148,0.06825,4.6772992,4.6772992,0.23027,1.84408
Tajikistan,2015,106,4.786,0.39047,0.57379,0.47216,0.15072,4.7233192,4.7233192,0.22974,2.11399
Tunisia,2015,107,4.739,0.88113,0.73793,0.26268,0.06358,4.6686556,4.6686556,0.06431,2.12466
Palestinian Territories,2015,108,4.715,0.59867,0.66015,0.24499,0.12905,4.6288776,4.6288776,0.11251,2.04384
Bangladesh,2015,109,4.694,0.39753,0.60164,0.4082,0.12569,4.6336908,4.6336908,0.21222,2.51767
Iran,2015,110,4.686,1.0088,0.69805,0.30033,0.05863,4.5987995999999995,4.5987995999999995,0.38086,1.6944
Ukraine,2015,111,4.681,0.79907,0.6739,0.25123,0.02961,4.5945248,4.5945248,0.15275,1.5714
Iraq,2015,112,4.677,0.98549,0.60237,0.0,0.13788,4.5744527999999995,4.5744527999999995,0.17922,1.95335
South Africa,2015,113,4.642,0.92049,0.27688,0.33207,0.08884,4.552134000000001,4.552134000000001,0.11973,1.71956
Ghana,2015,114,4.633,0.54558,0.40132,0.42342,0.04355,4.5400568,4.5400568,0.23087,2.30919
Zimbabwe,2015,115,4.61,0.271,0.33475,0.25861,0.08079,4.5259160000000005,4.5259160000000005,0.18987,2.44191
Liberia,2015,116,4.571,0.0712,0.34201,0.28531,0.06232,4.354067199999999,4.354067199999999,0.24362,2.77729
India,2015,117,4.565,0.64499,0.51529,0.39786,0.08492,4.5249572,4.5249572,0.26475,2.27513
Sudan,2015,118,4.55,0.52107,0.36878,0.10081,0.1466,4.417896,4.417896,0.19062,2.20857
Haiti,2015,119,4.518,0.26673,0.38847,0.24425,0.17175,4.3743124,4.3743124,0.46187,2.24173
Congo (Kinshasa),2015,120,4.517,0.0,0.09806,0.22605,0.07625,4.444872,4.444872,0.24834,2.86712
Nepal,2015,121,4.514,0.35997,0.56874,0.38282,0.05907,4.4433028000000006,4.4433028000000006,0.32296,1.95637
Ethiopia,2015,122,4.512,0.19073,0.44055,0.4345,0.15048,4.437912,4.437912,0.24325,2.44876
Sierra Leone,2015,123,4.507,0.33024,0.0,0.4084,0.08786,4.3684671999999996,4.3684671999999996,0.21488,2.51009
Mauritania,2015,124,4.436,0.45407,0.35874,0.24232,0.17461,4.3586388,4.3586388,0.219,2.11773
Kenya,2015,125,4.419,0.36471,0.41435,0.42215,0.05839,4.3262136,4.3262136,0.37542,1.78555
Djibouti,2015,126,4.369,0.44025,0.36291,0.46074,0.28105,4.210318399999999,4.210318399999999,0.18093,2.05125
Armenia,2015,127,4.35,0.76821,0.7299,0.19847,0.039,4.2566451999999995,4.2566451999999995,0.07855,1.75873
Botswana,2015,128,4.332,0.99355,0.04776,0.49495,0.12474,4.235293599999999,4.235293599999999,0.10461,1.46181
Myanmar,2015,129,4.307,0.27108,0.48246,0.44017,0.19034,4.221720400000001,4.221720400000001,0.79588,1.41805
Georgia,2015,130,4.297,0.7419,0.72926,0.40577,0.38331,4.2142684,4.2142684,0.05547,1.59541
Malawi,2015,131,4.292,0.01604,0.22562,0.43054,0.06977,4.1718519999999994,4.1718519999999994,0.33128,2.80791
Sri Lanka,2015,132,4.271,0.83524,0.70806,0.53726,0.09179,4.1974804,4.1974804,0.40828,0.67108
Cameroon,2015,133,4.252,0.4225,0.23402,0.49309,0.05786,4.1603112,4.1603112,0.20618,1.95071
Bulgaria,2015,134,4.218,1.01216,0.76649,0.30587,0.00872,4.1233712,4.1233712,0.11921,0.89991
Egypt,2015,135,4.194,0.8818,0.61712,0.17288,0.06324,4.130104,4.130104,0.11291,1.59927
Yemen,2015,136,4.077,0.54649,0.40064,0.35571,0.07854,3.9914068,3.9914068,0.09131,1.92313
Angola,2015,137,4.033,0.75778,0.16683,0.10384,0.07122,3.9397432000000006,3.9397432000000006,0.12344,1.94939
Mali,2015,138,3.995,0.26074,0.20583,0.38857,0.12352,3.8852008000000002,3.8852008000000002,0.18798,1.79293
Congo (Brazzaville),2015,139,3.989,0.67866,0.31051,0.41466,0.11686,3.8580327999999997,3.8580327999999997,0.12388,1.68135
Comoros,2015,140,3.956,0.23906,0.36315,0.22917,0.199,3.8619788,3.8619788,0.17441,1.95812
Uganda,2015,141,3.931,0.21102,0.33861,0.45727,0.07267,3.8463868,3.8463868,0.29066,1.42766
Senegal,2015,142,3.904,0.36498,0.4354,0.36772,0.10713,3.8332832,3.8332832,0.20843,1.44395
Gabon,2015,143,3.896,1.06024,0.43372,0.31914,0.11091,3.8068788,3.8068788,0.06822,0.99895
Niger,2015,144,3.845,0.0694,0.29707,0.47692,0.15639,3.7744008,3.7744008,0.19387,1.87877
Cambodia,2015,145,3.819,0.46038,0.61114,0.66246,0.07247,3.7196476,3.7196476,0.40359,0.98195
Tanzania,2015,146,3.781,0.2852,0.38215,0.32878,0.05747,3.6818044000000003,3.6818044000000003,0.34377,1.38079
Madagascar,2015,147,3.681,0.20824,0.46721,0.19184,0.08124,3.6097932,3.6097932,0.21333,1.851
Central African Republic,2015,148,3.678,0.0785,0.06699,0.48879,0.08289,3.5582048,3.5582048,0.23835,2.7223
Chad,2015,149,3.667,0.34193,0.1501,0.23501,0.05269,3.591932,3.591932,0.18386,1.94296
Guinea,2015,150,3.656,0.17417,0.24009,0.37725,0.12139,3.585636,3.585636,0.28657,1.99172
Ivory Coast,2015,151,3.655,0.46534,0.15185,0.46866,0.17922,3.5542363999999997,3.5542363999999997,0.20165,1.41723
Burkina Faso,2015,152,3.587,0.25812,0.27125,0.39493,0.12832,3.5022496000000003,3.5022496000000003,0.21747,1.46494
Afghanistan,2015,153,3.575,0.31982,0.30335,0.23414,0.09719,3.5145536,3.5145536,0.3651,1.9521
Rwanda,2015,154,3.465,0.22208,0.42864,0.59201,0.55191,3.3971055999999997,3.3971055999999997,0.22628,0.67042
Benin,2015,155,3.34,0.28665,0.3191,0.4845,0.0801,3.2683424,3.2683424,0.1826,1.63328
Syria,2015,156,3.006,0.6632,0.72193,0.15684,0.18906,2.9077059999999997,2.9077059999999997,0.47179,0.32858
Burundi,2015,157,2.905,0.0153,0.22396,0.1185,0.10062,2.7353031999999997,2.7353031999999997,0.19727,1.83302
Togo,2015,158,2.839,0.20868,0.28443,0.36453,0.10731,2.7071508,2.7071508,0.16681,1.56726
Denmark,2016,1,7.526,1.44178,0.79504,0.57941,0.44453,7.46,7.592,0.36171,2.73939
Switzerland,2016,2,7.509,1.52733,0.86303,0.58557,0.41203,7.428,7.59,0.28083,2.69463
Iceland,2016,3,7.501,1.42666,0.86733,0.56624,0.14975,7.333,7.669,0.47678,2.83137
Norway,2016,4,7.498,1.57744,0.79579,0.59609,0.35776,7.421,7.575,0.37895,2.66465
Finland,2016,5,7.413,1.40598,0.81091,0.57104,0.41004,7.351,7.475,0.25492,2.82596
Canada,2016,6,7.404,1.44015,0.8276,0.5737,0.31329,7.335,7.473,0.44834,2.70485
Netherlands,2016,7,7.339,1.46468,0.81231,0.55211,0.29927,7.284,7.394,0.47416,2.70749
New Zealand,2016,8,7.334,1.36066,0.83096,0.58147,0.41904,7.264,7.404,0.49401,2.47553
Australia,2016,9,7.313,1.44443,0.8512,0.56837,0.32331,7.241,7.385,0.47407,2.5465
Sweden,2016,10,7.291,1.45181,0.83121,0.58218,0.40867,7.227,7.355,0.38254,2.54734
Israel,2016,11,7.267,1.33766,0.84917,0.36432,0.08728,7.199,7.335,0.32288,3.31029
Austria,2016,12,7.119,1.45038,0.80565,0.54355,0.21348,7.045,7.193,0.32865,2.69343
United States,2016,13,7.104,1.50796,0.779,0.48163,0.14868,7.02,7.188,0.41077,2.72782
Costa Rica,2016,14,7.087,1.06879,0.76146,0.55225,0.10547,6.999,7.175,0.22553,3.35168
Puerto Rico,2016,15,7.039,1.35943,0.77758,0.46823,0.12275,6.794,7.284,0.22202,3.0076
Germany,2016,16,6.994,1.44787,0.81487,0.53466,0.28551,6.93,7.058,0.30452,2.50931
Brazil,2016,17,6.952,1.08754,0.61415,0.40425,0.14166,6.875,7.029,0.15776,3.50733
Belgium,2016,18,6.929,1.42539,0.81959,0.51354,0.26248,6.861,6.997,0.2424,2.61355
Ireland,2016,19,6.907,1.48341,0.81455,0.54008,0.29754,6.836,6.978,0.44963,2.15988
Luxembourg,2016,20,6.871,1.69752,0.84542,0.5487,0.35329,6.804,6.938,0.27571,2.11055
Mexico,2016,21,6.778,1.11508,0.71143,0.37709,0.18355,6.68,6.876,0.11735,3.55906
Singapore,2016,22,6.739,1.64555,0.94719,0.4877,0.46987,6.674,6.804,0.32706,1.99375
United Kingdom,2016,23,6.725,1.40283,0.80991,0.50036,0.27399,6.647,6.803,0.50156,2.14999
Chile,2016,24,6.705,1.2167,0.81883,0.37789,0.11451,6.615,6.795,0.31595,2.95505
Panama,2016,25,6.701,1.18306,0.70835,0.48927,0.08423,6.601,6.801,0.2418,3.00559
Argentina,2016,26,6.65,1.15137,0.69711,0.42284,0.07296,6.56,6.74,0.10989,3.12985
Czech Republic,2016,27,6.596,1.30915,0.76376,0.41418,0.03986,6.515,6.677,0.09929,2.96211
United Arab Emirates,2016,28,6.573,1.57352,0.72993,0.56215,0.35561,6.494,6.652,0.26591,2.21507
Uruguay,2016,29,6.545,1.18157,0.72183,0.54388,0.21394,6.456,6.634,0.18056,2.67139
Malta,2016,30,6.488,1.30782,0.80315,0.54994,0.17554,6.409,6.567,0.56237,1.99032
Colombia,2016,31,6.481,1.03032,0.59659,0.44735,0.05399,6.384,6.578,0.15626,3.17471
France,2016,32,6.478,1.39488,0.83795,0.46562,0.17808,6.397,6.559,0.1216,2.4744
Thailand,2016,33,6.474,1.0893,0.64915,0.49553,0.02833,6.396,6.552,0.58696,2.5796
Saudi Arabia,2016,34,6.379,1.48953,0.59267,0.37904,0.30008,6.287,6.471,0.15457,2.61482
Taiwan,2016,34,6.379,1.39729,0.79565,0.32377,0.0663,6.305,6.453,0.25495,2.61523
Qatar,2016,36,6.375,1.82427,0.71723,0.56679,0.48049,6.178,6.572,0.32388,1.58224
Spain,2016,37,6.361,1.34253,0.87896,0.37545,0.06137,6.288,6.434,0.17665,2.39663
Algeria,2016,38,6.355,1.05266,0.61804,0.21006,0.16157,6.227,6.483,0.07044,3.40904
Guatemala,2016,39,6.324,0.83454,0.54039,0.50379,0.08701,6.213,6.435,0.28808,3.19863
Suriname,2016,40,6.269,1.09686,0.50933,0.52234,0.12692,6.073,6.465,0.16665,3.06852
Kuwait,2016,41,6.239,1.61714,0.63569,0.43166,0.23669,6.154,6.324,0.15965,2.28085
Bahrain,2016,42,6.218,1.44024,0.65696,0.47375,0.25772,6.128,6.308,0.17147,2.27405
Trinidad and Tobago,2016,43,6.168,1.32572,0.52608,0.48453,0.01241,5.95,6.386,0.31935,2.51394
Venezuela,2016,44,6.084,1.13367,0.61904,0.19847,0.08304,5.973,6.195,0.0425,2.97468
Slovakia,2016,45,6.078,1.27973,0.70367,0.23391,0.02947,5.996,6.16,0.13837,2.61065
El Salvador,2016,46,6.068,0.8737,0.596,0.37269,0.10613,5.967,6.169,0.08877,3.22134
Malaysia,2016,47,6.005,1.25142,0.62366,0.39031,0.09081,5.921,6.089,0.41474,2.35384
Nicaragua,2016,48,5.992,0.69384,0.65213,0.46582,0.16292,5.877,6.107,0.29773,2.82428
Uzbekistan,2016,49,5.987,0.73591,0.50163,0.60848,0.28333,5.896,6.078,0.34326,2.34638
Italy,2016,50,5.977,1.35495,0.85102,0.18827,0.02556,5.898,6.056,0.16684,2.34918
Ecuador,2016,51,5.976,0.97306,0.68613,0.4027,0.18037,5.88,6.072,0.10074,2.77366
Belize,2016,52,5.956,0.87616,0.45569,0.51231,0.10771,5.71,6.202,0.23684,3.08039
Japan,2016,53,5.921,1.38007,0.91491,0.46761,0.18985,5.85,5.992,0.10224,1.80584
Kazakhstan,2016,54,5.919,1.22943,0.57386,0.4052,0.11132,5.837,6.001,0.15011,2.49325
Moldova,2016,55,5.897,0.69177,0.52309,0.25202,0.01903,5.823,5.971,0.19997,3.38007
Russia,2016,56,5.856,1.23228,0.58991,0.32682,0.03586,5.789,5.923,0.02736,2.59115
Poland,2016,57,5.835,1.24585,0.69058,0.4519,0.055,5.749,5.921,0.14443,2.20035
South Korea,2016,57,5.835,1.35948,0.88645,0.25168,0.07716,5.747,5.923,0.18824,2.35015
Bolivia,2016,59,5.822,0.79422,0.4697,0.50961,0.07746,5.74,5.904,0.21698,2.91635
Lithuania,2016,60,5.813,1.2692,0.64674,0.18929,0.0182,5.734,5.892,0.02025,2.60525
Belarus,2016,61,5.802,1.13062,0.63104,0.29091,0.17457,5.723,5.881,0.13942,2.38582
North Cyprus,2016,62,5.771,1.31141,0.84142,0.43596,0.16578,5.67,5.872,0.26322,1.93447
Slovenia,2016,63,5.768,1.29947,0.79151,0.53164,0.03635,5.683,5.853,0.25738,1.79522
Peru,2016,64,5.743,0.99602,0.62994,0.37502,0.05292,5.647,5.839,0.14527,2.73117
Turkmenistan,2016,65,5.658,1.08017,0.44006,0.37408,0.28467,5.58,5.736,0.22567,2.21489
Mauritius,2016,66,5.648,1.14372,0.66189,0.46145,0.05203,5.507,5.789,0.36951,2.20223
Libya,2016,67,5.615,1.06688,0.52304,0.40672,0.10339,5.406,5.824,0.17087,2.39374
Latvia,2016,68,5.56,1.21788,0.63952,0.27996,0.0889,5.486,5.634,0.17445,2.20859
Cyprus,2016,69,5.546,1.31857,0.8488,0.29507,0.05228,5.442,5.65,0.27906,2.04497
Paraguay,2016,70,5.538,0.89373,0.58295,0.46235,0.07396,5.453,5.623,0.25296,2.16091
Romania,2016,71,5.528,1.1697,0.67602,0.36712,0.00679,5.427,5.629,0.12889,2.45184
Estonia,2016,72,5.517,1.27964,0.68098,0.41511,0.18519,5.437,5.597,0.08423,1.81985
Jamaica,2016,73,5.51,0.89333,0.59469,0.43597,0.04294,5.315,5.705,0.22245,2.35682
Croatia,2016,74,5.488,1.18649,0.70524,0.23907,0.04002,5.402,5.574,0.18434,2.52462
Hong Kong,2016,75,5.458,1.5107,0.95277,0.48079,0.31647,5.362,5.554,0.40097,0.92614
Somalia,2016,76,5.44,0.0,0.11466,0.56778,0.3118,5.321,5.559,0.27225,3.83772
Kosovo,2016,77,5.401,0.90145,0.54,0.14396,0.06547,5.308,5.494,0.27992,2.80998
Turkey,2016,78,5.389,1.16492,0.64718,0.23889,0.12348,5.295,5.483,0.04707,2.29074
Indonesia,2016,79,5.314,0.95104,0.49374,0.39237,0.00322,5.237,5.391,0.56521,2.03171
Jordan,2016,80,5.303,0.99673,0.60712,0.36023,0.13297,5.187,5.419,0.14262,2.20142
Azerbaijan,2016,81,5.291,1.12373,0.54504,0.35327,0.17914,5.226,5.356,0.0564,2.2735
Philippines,2016,82,5.279,0.81217,0.47036,0.54854,0.11757,5.16,5.398,0.21674,2.23484
China,2016,83,5.245,1.0278,0.73561,0.44012,0.02745,5.199,5.291,0.04959,2.17087
Bhutan,2016,84,5.196,0.8527,0.49759,0.46074,0.1616,5.138,5.254,0.48546,1.82916
Kyrgyzstan,2016,85,5.185,0.56044,0.55449,0.40212,0.04762,5.103,5.267,0.38432,2.28136
Serbia,2016,86,5.177,1.03437,0.6458,0.15718,0.04339,5.083,5.271,0.20737,2.27539
Bosnia and Herzegovina,2016,87,5.163,0.93383,0.70766,0.09511,0.0,5.063,5.263,0.29889,2.48406
Montenegro,2016,88,5.161,1.07838,0.63533,0.15111,0.12721,5.055,5.267,0.17191,2.25531
Dominican Republic,2016,89,5.155,1.02787,0.57669,0.52259,0.12372,5.037,5.273,0.21286,1.69626
Morocco,2016,90,5.151,0.84058,0.59471,0.25646,0.08404,5.058,5.244,0.04053,2.94891
Hungary,2016,91,5.145,1.24142,0.67608,0.1977,0.04472,5.056,5.234,0.099,1.95473
Pakistan,2016,92,5.132,0.68816,0.40306,0.14622,0.1388,5.038,5.226,0.31185,3.18286
Lebanon,2016,93,5.129,1.12268,0.76171,0.26228,0.03061,5.031,5.227,0.23693,2.07339
Portugal,2016,94,5.123,1.27607,0.79363,0.44727,0.01521,5.03,5.216,0.11691,1.53015
Macedonia,2016,95,5.121,1.0193,0.64738,0.27668,0.07047,5.017,5.225,0.23507,2.08947
Vietnam,2016,96,5.061,0.74037,0.66157,0.55954,0.11556,4.991,5.131,0.25075,1.9418
Somaliland Region,2016,97,5.057,0.25558,0.33108,0.3913,0.36794,4.934,5.18,0.51479,2.43801
Tunisia,2016,98,5.045,0.97724,0.59577,0.23553,0.0817,4.965,5.125,0.03936,2.68413
Greece,2016,99,5.033,1.24886,0.80029,0.05822,0.04127,4.935,5.131,0.0,2.12944
Tajikistan,2016,100,4.996,0.48835,0.53119,0.43408,0.13509,4.923,5.069,0.25998,2.39106
Mongolia,2016,101,4.907,0.98853,0.55469,0.35972,0.03285,4.838,4.976,0.34539,1.53586
Laos,2016,102,4.876,0.68042,0.38291,0.52168,0.22423,4.742,5.01,0.43079,2.08637
Nigeria,2016,103,4.875,0.75216,0.05108,0.27854,0.0305,4.75,5.0,0.23219,2.88586
Honduras,2016,104,4.871,0.69429,0.58383,0.26755,0.06906,4.75,4.992,0.2044,2.29551
Iran,2016,105,4.813,1.11758,0.64232,0.22544,0.0557,4.703,4.923,0.38538,1.99817
Zambia,2016,106,4.795,0.61202,0.23573,0.42662,0.11479,4.645,4.945,0.17866,2.58991
Nepal,2016,107,4.793,0.44626,0.50073,0.37012,0.07008,4.698,4.888,0.3816,2.32694
Palestinian Territories,2016,108,4.754,0.67024,0.56844,0.17744,0.10613,4.649,4.859,0.11154,2.40364
Albania,2016,109,4.655,0.9553,0.73007,0.31866,0.05301,4.546,4.764,0.1684,1.92816
Bangladesh,2016,110,4.643,0.54177,0.52989,0.39778,0.12583,4.56,4.726,0.19132,2.60904
Sierra Leone,2016,111,4.635,0.36485,0.0,0.30685,0.08196,4.505,4.765,0.23897,3.01402
Iraq,2016,112,4.575,1.07474,0.51076,0.24856,0.13636,4.446,4.704,0.19589,1.81657
Namibia,2016,113,4.574,0.93287,0.34745,0.48614,0.10398,4.374,4.774,0.07795,1.92198
Cameroon,2016,114,4.513,0.52497,0.12698,0.42736,0.06126,4.417,4.609,0.2268,2.5198
Ethiopia,2016,115,4.508,0.29283,0.34578,0.36703,0.1717,4.425,4.591,0.29522,2.65614
South Africa,2016,116,4.459,1.02416,0.18611,0.42483,0.08415,4.371,4.547,0.13656,1.64227
Sri Lanka,2016,117,4.415,0.97318,0.62007,0.50817,0.07964,4.322,4.508,0.46978,0.91681
India,2016,118,4.404,0.74036,0.45091,0.40285,0.08722,4.351,4.457,0.25028,2.18032
Myanmar,2016,119,4.395,0.34112,0.3988,0.42692,0.20243,4.327,4.463,0.81971,1.50655
Egypt,2016,120,4.362,0.95395,0.52116,0.18847,0.10393,4.259,4.465,0.12706,1.96895
Armenia,2016,121,4.36,0.86086,0.64083,0.14037,0.03616,4.266,4.454,0.07793,1.97864
Kenya,2016,122,4.356,0.52267,0.30147,0.40576,0.06686,4.259,4.453,0.41328,1.88326
Ukraine,2016,123,4.324,0.87287,0.58628,0.12859,0.01829,4.236,4.412,0.20363,1.50066
Ghana,2016,124,4.276,0.63107,0.29681,0.40973,0.0326,4.185,4.367,0.21203,2.2002
Congo (Kinshasa),2016,125,4.272,0.05661,0.188,0.15602,0.06075,4.191,4.353,0.25458,2.74924
Georgia,2016,126,4.252,0.83792,0.64035,0.32461,0.3188,4.164,4.34,0.06786,1.87031
Congo (Brazzaville),2016,127,4.236,0.77109,0.28212,0.37938,0.09753,4.107,4.365,0.12077,2.10681
Senegal,2016,128,4.219,0.44314,0.40457,0.31056,0.11681,4.151,4.287,0.19103,1.97861
Bulgaria,2016,129,4.217,1.11306,0.67806,0.21219,0.00615,4.104,4.33,0.12793,1.15377
Mauritania,2016,130,4.201,0.61391,0.28639,0.1268,0.17955,4.127,4.275,0.22686,1.9263
Zimbabwe,2016,131,4.193,0.35041,0.1595,0.25429,0.08582,4.101,4.285,0.18503,2.4427
Malawi,2016,132,4.156,0.08709,0.29364,0.4143,0.07564,4.041,4.271,0.30968,2.82859
Sudan,2016,133,4.139,0.63069,0.29759,0.0,0.10039,3.928,4.35,0.18077,2.10995
Gabon,2016,134,4.121,1.15851,0.3494,0.28098,0.09314,4.03,4.212,0.06244,1.45332
Mali,2016,135,4.073,0.31292,0.16347,0.27544,0.13647,3.988,4.158,0.21064,2.11087
Haiti,2016,136,4.028,0.34097,0.27494,0.12072,0.14476,3.893,4.163,0.47958,2.37116
Botswana,2016,137,3.974,1.09426,0.34752,0.44089,0.10769,3.875,4.073,0.12425,0.96741
Comoros,2016,138,3.956,0.27509,0.29981,0.15412,0.18437,3.86,4.052,0.1827,2.25632
Ivory Coast,2016,139,3.916,0.55507,0.04476,0.40663,0.1553,3.826,4.006,0.20338,1.97478
Cambodia,2016,140,3.907,0.55604,0.42494,0.58852,0.08092,3.798,4.016,0.40339,1.31573
Angola,2016,141,3.866,0.84731,0.04991,0.00589,0.08434,3.753,3.979,0.12071,2.09459
Niger,2016,142,3.856,0.1327,0.26162,0.38041,0.17176,3.781,3.931,0.2097,2.09469
South Sudan,2016,143,3.832,0.39394,0.15781,0.19662,0.13015,3.596,4.068,0.25899,2.50929
Chad,2016,144,3.763,0.42214,0.03824,0.12807,0.04952,3.672,3.854,0.18667,2.30637
Burkina Faso,2016,145,3.739,0.31995,0.21297,0.3337,0.12533,3.647,3.831,0.24353,1.87319
Uganda,2016,145,3.739,0.34719,0.19625,0.43653,0.06442,3.629,3.849,0.27102,1.51416
Yemen,2016,147,3.724,0.57939,0.31048,0.2287,0.05892,3.621,3.827,0.09821,1.97295
Madagascar,2016,148,3.695,0.27954,0.37109,0.13684,0.07506,3.621,3.769,0.2204,2.15075
Tanzania,2016,149,3.666,0.47155,0.357,0.3176,0.05099,3.561,3.771,0.31472,1.37769
Liberia,2016,150,3.622,0.10706,0.23165,0.25748,0.04852,3.463,3.781,0.24063,2.23284
Guinea,2016,151,3.607,0.22415,0.18829,0.30953,0.1192,3.533,3.681,0.29914,2.15604
Rwanda,2016,152,3.515,0.32846,0.31865,0.5432,0.50521,3.444,3.586,0.23552,0.96819
Benin,2016,153,3.484,0.39499,0.21028,0.39747,0.06681,3.404,3.564,0.2018,2.10812
Afghanistan,2016,154,3.36,0.38227,0.17344,0.1643,0.07112,3.288,3.432,0.31268,2.14558
Togo,2016,155,3.303,0.28123,0.24811,0.34678,0.11587,3.192,3.414,0.17517,2.1354
Syria,2016,156,3.069,0.74719,0.62994,0.06912,0.17233,2.936,3.202,0.48397,0.81789
Burundi,2016,157,2.905,0.06831,0.15747,0.0432,0.09419,2.732,3.078,0.2029,2.10404
Norway,2017,1,7.53700017929077,1.61646318435669,0.796666502952576,0.635422587394714,0.315963834524155,7.59444482058287,7.47955553799868,0.36201223731041,2.27702665328979
Denmark,2017,2,7.52199983596802,1.48238301277161,0.792565524578094,0.626006722450256,0.40077006816864,7.58172806486487,7.46227160707116,0.355280488729477,2.31370735168457
Iceland,2017,3,7.50400018692017,1.480633020401,0.833552122116089,0.627162635326385,0.153526559472084,7.62203047305346,7.38596990078688,0.475540220737457,2.32271528244019
Switzerland,2017,4,7.49399995803833,1.56497955322266,0.858131289482117,0.620070576667786,0.367007285356522,7.56177242040634,7.42622749567032,0.290549278259277,2.2767162322998
Finland,2017,5,7.4689998626709,1.44357192516327,0.80915766954422,0.617950856685638,0.38261154294014,7.52754207581282,7.41045764952898,0.24548277258873,2.4301815032959
Netherlands,2017,6,7.3769998550415,1.50394463539124,0.810696125030518,0.585384488105774,0.282661825418472,7.42742584124207,7.32657386884093,0.470489829778671,2.29480409622192
Canada,2017,7,7.31599998474121,1.47920441627502,0.83455765247345,0.611100912094116,0.287371516227722,7.38440283536911,7.24759713411331,0.435539722442627,2.18726444244385
New Zealand,2017,8,7.31400012969971,1.40570604801178,0.816759705543518,0.614062130451202,0.382816702127457,7.3795104418695,7.24848981752992,0.500005125999451,2.0464563369751
Sweden,2017,9,7.28399991989136,1.49438726902008,0.830875158309937,0.612924098968506,0.384398728609085,7.34409487739205,7.22390496239066,0.385399252176285,2.09753799438477
Australia,2017,10,7.28399991989136,1.484414935112,0.84388679265976,0.601607382297516,0.301183730363846,7.35665122494102,7.2113486148417,0.477699249982834,2.06521081924438
Israel,2017,11,7.21299982070923,1.37538242340088,0.83840399980545,0.405988603830338,0.0852421000599861,7.27985325649381,7.14614638492465,0.330082654953003,2.80175733566284
Costa Rica,2017,12,7.0789999961853,1.10970628261566,0.759509265422821,0.580131649971008,0.100106589496136,7.16811166629195,6.98988832607865,0.214613229036331,2.89863920211792
Austria,2017,13,7.00600004196167,1.48709726333618,0.815328419208527,0.567766189575195,0.221060365438461,7.07066981211305,6.94133027181029,0.316472321748734,2.1385064125061
United States,2017,14,6.99300003051758,1.54625928401947,0.77428662776947,0.505740523338318,0.135638788342476,7.07465674757957,6.91134331345558,0.392578780651093,2.2181134223938
Ireland,2017,15,6.97700023651123,1.53570663928986,0.80978262424469,0.573110342025757,0.29838815331459,7.04335166752338,6.91064880549908,0.42785832285881,1.77386903762817
Germany,2017,16,6.95100021362305,1.48792338371277,0.798950731754303,0.562511384487152,0.276731938123703,7.00538156926632,6.89661885797977,0.336269170045853,2.01576995849609
Belgium,2017,17,6.89099979400635,1.46378076076508,0.818091869354248,0.539770722389221,0.251343131065369,6.95582075044513,6.82617883756757,0.231503337621689,2.12421035766602
Luxembourg,2017,18,6.86299991607666,1.74194359779358,0.845089495182037,0.59662789106369,0.31883442401886,6.92368609987199,6.80231373228133,0.283180981874466,1.61951208114624
United Kingdom,2017,19,6.71400022506714,1.44163393974304,0.805335938930511,0.508190035820007,0.265428066253662,6.78379176110029,6.64420868903399,0.492774158716202,1.70414352416992
Chile,2017,20,6.65199995040894,1.25278460979462,0.819479703903198,0.376895278692245,0.0822879821062088,6.73925056010485,6.56474934071302,0.326662421226501,2.50958585739136
United Arab Emirates,2017,21,6.64799976348877,1.62634336948395,0.726798236370087,0.60834527015686,0.324489563703537,6.72204730376601,6.57395222321153,0.3609419465065,1.734703540802
Brazil,2017,22,6.63500022888184,1.10735321044922,0.616552352905273,0.437453746795654,0.111092761158943,6.72546950161457,6.5445309561491,0.16234989464283,2.76926708221436
Czech Republic,2017,23,6.60900020599365,1.35268235206604,0.754444003105164,0.490946173667908,0.0368729270994663,6.68386246263981,6.5341379493475,0.0881067588925362,2.45186185836792
Argentina,2017,24,6.59899997711182,1.18529546260834,0.695137083530426,0.494519203901291,0.059739887714386,6.69008508607745,6.50791486814618,0.109457060694695,2.61400532722473
Mexico,2017,25,6.57800006866455,1.15318381786346,0.709978997707367,0.412730008363724,0.132774114608765,6.67114890769124,6.48485122963786,0.120990432798862,2.83715486526489
Singapore,2017,26,6.57200002670288,1.69227766990662,0.949492394924164,0.549840569496155,0.46430778503418,6.63672306910157,6.50727698430419,0.345965981483459,1.21636199951172
Malta,2017,27,6.52699995040894,1.34327983856201,0.821944236755371,0.588767051696777,0.153066068887711,6.59839677289128,6.45560312792659,0.574730575084686,1.55686283111572
Uruguay,2017,28,6.4539999961853,1.21755969524384,0.719216823577881,0.57939225435257,0.178061872720718,6.54590621769428,6.36209377467632,0.175096929073334,2.17240953445435
Guatemala,2017,29,6.4539999961853,0.872001945972443,0.540239989757538,0.531310617923737,0.0772232785820961,6.56687397271395,6.34112601965666,0.283488392829895,2.89389109611511
Panama,2017,30,6.4520001411438,1.23374843597412,0.706156134605408,0.550026834011078,0.070983923971653,6.55713071614504,6.34686956614256,0.21055693924427,2.30719995498657
France,2017,31,6.44199991226196,1.43092346191406,0.844465851783752,0.470222115516663,0.172502428293228,6.51576780244708,6.36823202207685,0.129762306809425,2.00595474243164
Thailand,2017,32,6.42399978637695,1.12786877155304,0.647239029407501,0.580200731754303,0.0316127352416515,6.50911685571074,6.33888271704316,0.572123110294342,2.03950834274292
Taiwan Province of China,2017,33,6.42199993133545,1.43362653255463,0.793984234333038,0.361466586589813,0.0638292357325554,6.49459602192044,6.34940384075046,0.258360475301743,2.1266074180603
Spain,2017,34,6.40299987792969,1.38439786434174,0.888960599899292,0.408781230449677,0.0709140971302986,6.4710548453033,6.33494491055608,0.190133571624756,1.92775774002075
Qatar,2017,35,6.375,1.87076568603516,0.710098087787628,0.604130983352661,0.439299255609512,6.56847681432962,6.18152318567038,0.330473870038986,1.1454644203186
Colombia,2017,36,6.35699987411499,1.07062232494354,0.595027923583984,0.477487415075302,0.0466687418520451,6.45202005416155,6.26197969406843,0.149014472961426,2.61606812477112
Saudi Arabia,2017,37,6.3439998626709,1.53062355518341,0.590148329734802,0.449750572443008,0.27343225479126,6.44416661202908,6.24383311331272,0.147616013884544,2.0654296875
Trinidad and Tobago,2017,38,6.16800022125244,1.36135590076447,0.519983291625977,0.518630743026733,0.0089648161083459,6.38153389066458,5.95446655184031,0.325296461582184,2.05324745178223
Kuwait,2017,39,6.10500001907349,1.63295245170593,0.632105708122253,0.496337592601776,0.215159550309181,6.1919569888711,6.01804304927588,0.228289797902107,1.64042520523071
Slovakia,2017,40,6.09800004959106,1.32539355754852,0.712732911109924,0.295817464590073,0.0242108516395092,6.1773484121263,6.01865168705583,0.136544480919838,2.09777665138245
Bahrain,2017,41,6.08699989318848,1.48841226100922,0.653133034706116,0.536746919155121,0.257042169570923,6.17898906782269,5.99501071855426,0.172668486833572,1.65614938735962
Malaysia,2017,42,6.08400011062622,1.29121541976929,0.618784427642822,0.402264982461929,0.0656007081270218,6.17997963652015,5.98802058473229,0.416608929634094,2.00444889068604
Nicaragua,2017,43,6.07100009918213,0.737299203872681,0.653095960617065,0.447551846504211,0.130687981843948,6.18658360034227,5.95541659802198,0.301674216985703,2.51393055915833
Ecuador,2017,44,6.00799989700317,1.00082039833069,0.685636222362518,0.4551981985569,0.140134647488594,6.10584767535329,5.91015211865306,0.150112465023994,2.29035258293152
El Salvador,2017,45,6.00299978256226,0.909784495830536,0.596018552780151,0.432452529668808,0.0899809598922729,6.108635122329,5.89736444279552,0.0782579854130745,2.7145938873291
Poland,2017,46,5.97300004959106,1.29178786277771,0.699475347995758,0.520342111587524,0.0593078061938286,6.05390834122896,5.89209175795317,0.158465966582298,1.79772281646729
Uzbekistan,2017,47,5.97100019454956,0.786441087722778,0.498272627592087,0.658248662948608,0.246528223156929,6.06553757295012,5.876462816149,0.415983647108078,1.81691360473633
Italy,2017,48,5.96400022506714,1.39506661891937,0.853144347667694,0.256450712680817,0.0280280914157629,6.04273690596223,5.88526354417205,0.17278964817524,1.81331205368042
Russia,2017,49,5.96299982070923,1.28177809715271,0.547349333763123,0.373783111572266,0.0329628810286522,6.03027490749955,5.89572473391891,0.0522638224065304,2.20560741424561
Belize,2017,50,5.95599985122681,0.907975316047668,0.450191766023636,0.547509372234344,0.0965810716152191,6.19724231779575,5.71475738465786,0.240015640854836,2.63195562362671
Japan,2017,51,5.92000007629395,1.41691517829895,0.913475871086121,0.505625545978546,0.163760736584663,5.99071944460273,5.84928070798516,0.12057276815176,1.36322355270386
Lithuania,2017,52,5.90199995040894,1.31458234786987,0.62894994020462,0.234231784939766,0.0118656428530812,5.98266964137554,5.82133025944233,0.010164656676352,2.22844052314758
Algeria,2017,53,5.87200021743774,1.09186446666718,0.617584645748138,0.233335807919502,0.146096110343933,5.97828643366694,5.76571400120854,0.0694366469979286,2.56760382652283
Latvia,2017,54,5.84999990463257,1.26074862480164,0.638566970825195,0.325707912445068,0.0738427266478539,5.92026353821158,5.77973627105355,0.153074786067009,1.99365520477295
South Korea,2017,55,5.83799982070923,1.40167844295502,0.900214076042175,0.257921665906906,0.0632826685905457,5.92255902826786,5.7534406131506,0.206674367189407,1.88037800788879
Moldova,2017,56,5.83799982070923,0.728870630264282,0.589465200901031,0.240729048848152,0.0100912861526012,5.90837083846331,5.76762880295515,0.208779126405716,2.80780839920044
Romania,2017,57,5.82499980926514,1.21768391132355,0.685158312320709,0.457003742456436,0.00438790069893,5.91969415679574,5.73030546173453,0.133519917726517,2.17683148384094
Bolivia,2017,58,5.82299995422363,0.833756566047668,0.473630249500275,0.558732926845551,0.0604777261614799,5.9039769025147,5.74202300593257,0.22556072473526,2.44327902793884
Turkmenistan,2017,59,5.82200002670288,1.13077676296234,0.437726080417633,0.41827192902565,0.259270340204239,5.88518087550998,5.75881917789578,0.24992498755455,1.83290982246399
Kazakhstan,2017,60,5.81899976730347,1.28455626964569,0.606041550636292,0.437454283237457,0.119282886385918,5.90364177465439,5.73435775995255,0.201964423060417,1.78489255905151
North Cyprus,2017,61,5.80999994277954,1.3469113111496,0.834647238254547,0.471203625202179,0.155353352427483,5.89736646488309,5.72263342067599,0.266845703125,1.54915761947632
Slovenia,2017,62,5.75799989700317,1.3412059545517,0.790828227996826,0.572575807571411,0.0451289787888527,5.84222516000271,5.67377463400364,0.242649093270302,1.31331729888916
Peru,2017,63,5.71500015258789,1.03522527217865,0.630166113376617,0.450002878904343,0.0470490865409374,5.81194677859545,5.61805352658033,0.126819714903831,2.20726943016052
Mauritius,2017,64,5.62900018692017,1.18939554691315,0.638007462024689,0.491247326135635,0.0421815551817417,5.72986219167709,5.52813818216324,0.360933750867844,1.6975839138031
Cyprus,2017,65,5.62099981307983,1.35593807697296,0.84471470117569,0.355111539363861,0.0412379764020443,5.71469269931316,5.5273069268465,0.271254301071167,1.62124919891357
Estonia,2017,66,5.61100006103516,1.32087934017181,0.695168316364288,0.479131430387497,0.183248922228813,5.68813987419009,5.53386024788022,0.0988908112049103,1.35750865936279
Belarus,2017,67,5.56899976730347,1.15655755996704,0.637714266777039,0.295400261878967,0.156313821673393,5.64611424401402,5.49188529059291,0.15513750910759,1.72323298454285
Libya,2017,68,5.52500009536743,1.10180306434631,0.520169019699097,0.465733230113983,0.0926102101802826,5.67695380687714,5.37304638385773,0.152073666453362,1.83501124382019
Turkey,2017,69,5.5,1.19827437400818,0.637605607509613,0.300740599632263,0.0996715798974037,5.59486496329308,5.40513503670692,0.0466930419206619,1.87927794456482
Paraguay,2017,70,5.49300003051758,0.932537317276001,0.579250693321228,0.473507791757584,0.091065913438797,5.57738126963377,5.40861879140139,0.224150657653809,1.6853334903717
"Hong Kong S.A.R., China",2017,71,5.47200012207031,1.55167484283447,0.943062424659729,0.490968644618988,0.293933749198914,5.54959417313337,5.39440607100725,0.374465793371201,0.554633140563965
Philippines,2017,72,5.42999982833862,0.85769921541214,0.468009054660797,0.585214674472809,0.0993318930268288,5.54533505424857,5.31466460242867,0.193513423204422,1.97260475158691
Serbia,2017,73,5.39499998092651,1.06931757926941,0.65078467130661,0.208715528249741,0.0409037806093693,5.49156965613365,5.29843030571938,0.220125883817673,1.94708442687988
Jordan,2017,74,5.33599996566772,0.991012394428253,0.604590058326721,0.418421149253845,0.11980327218771,5.44841002240777,5.22358990892768,0.172170460224152,1.79117655754089
Hungary,2017,75,5.32399988174438,1.2860119342804,0.687763452529907,0.175863519310951,0.0366369374096394,5.40303970918059,5.24496005430818,0.0784016624093056,1.71645927429199
Jamaica,2017,76,5.31099987030029,0.925579309463501,0.641022384166718,0.474307239055634,0.0552677810192108,5.58139872848988,5.04060101211071,0.233818337321281,1.61232566833496
Croatia,2017,77,5.29300022125244,1.22255623340607,0.701288521289825,0.255772292613983,0.0431031100451946,5.39177720457315,5.19422323793173,0.248002976179123,1.85449242591858
Kosovo,2017,78,5.27899980545044,0.951484382152557,0.541452050209045,0.260287940502167,0.0574716180562973,5.36484799548984,5.19315161541104,0.319931447505951,2.01054072380066
China,2017,79,5.27299976348877,1.08116579055786,0.741415500640869,0.472787708044052,0.0227942746132612,5.31927808977663,5.2267214372009,0.0288068410009146,1.76493859291077
Pakistan,2017,80,5.26900005340576,0.72688353061676,0.402047783136368,0.23521526157856,0.124348066747189,5.35998364135623,5.17801646545529,0.315446019172668,2.79248929023743
Indonesia,2017,81,5.26200008392334,0.995538592338562,0.492345720529556,0.443323463201523,0.0153171354904771,5.35288859814405,5.17111156970263,0.611704587936401,1.42947697639465
Venezuela,2017,82,5.25,1.12843120098114,0.617144227027893,0.153997123241425,0.0644911229610443,5.3700319455564,5.1299680544436,0.0650196298956871,1.78946375846863
Montenegro,2017,83,5.23699998855591,1.12112903594971,0.667464673519135,0.194989055395126,0.0881741940975189,5.34104444056749,5.13295553654432,0.197911024093628,1.72919154167175
Morocco,2017,84,5.2350001335144,0.878114581108093,0.59771066904068,0.408158332109451,0.0877631828188896,5.31834096476436,5.15165930226445,0.0322099551558495,2.45618939399719
Azerbaijan,2017,85,5.23400020599365,1.15360176563263,0.540775775909424,0.398155838251114,0.180987507104874,5.29928653523326,5.16871387675405,0.0452693402767181,1.76248168945312
Dominican Republic,2017,86,5.23000001907349,1.07937383651733,0.574873745441437,0.55258983373642,0.113945253193378,5.34906088516116,5.11093915298581,0.186967849731445,1.31946516036987
Greece,2017,87,5.22700023651123,1.28948748111725,0.810198903083801,0.0957312509417534,0.04328977689147,5.3252461694181,5.12875430360436,0.0,1.74922156333923
Lebanon,2017,88,5.22499990463257,1.07498753070831,0.735081076622009,0.288515985012054,0.037513829767704,5.31888228848577,5.13111752077937,0.264450758695602,1.69507384300232
Portugal,2017,89,5.19500017166138,1.3151752948761,0.795843541622162,0.498465299606323,0.0158694516867399,5.28504173308611,5.10495861023665,0.0951027125120163,1.10768270492554
Bosnia and Herzegovina,2017,90,5.18200016021729,0.982409417629242,0.705186307430267,0.204403176903725,0.0,5.27633568674326,5.08766463369131,0.328867495059967,1.89217257499695
Honduras,2017,91,5.18100023269653,0.730573117733002,0.582569479942322,0.348079860210419,0.0733454525470734,5.30158279687166,5.0604176685214,0.236188873648643,2.06581115722656
Macedonia,2017,92,5.17500019073486,1.06457793712616,0.644948184490204,0.325905978679657,0.0602777935564518,5.27217263966799,5.07782774180174,0.25376096367836,1.6174693107605
Somalia,2017,93,5.15100002288818,0.0226431842893362,0.113989137113094,0.602126955986023,0.282410323619843,5.24248370990157,5.0595163358748,0.291631311178207,3.11748456954956
Vietnam,2017,94,5.07399988174438,0.788547575473785,0.652168989181519,0.571055591106415,0.0876332372426987,5.14728076457977,5.000718998909,0.234968051314354,1.46231865882874
Nigeria,2017,95,5.07399988174438,0.783756256103516,0.0569157302379608,0.394952565431595,0.0261215660721064,5.20950013548136,4.93849962800741,0.230947196483612,2.36539053916931
Tajikistan,2017,96,5.04099988937378,0.524713635444641,0.529235124588013,0.471566706895828,0.146377146244049,5.11142559587956,4.970574182868,0.248997643589973,1.84904932975769
Bhutan,2017,97,5.01100015640259,0.885416388511658,0.495879292488098,0.501537680625916,0.173380389809608,5.07933456212282,4.94266575068235,0.474054545164108,1.14018440246582
Kyrgyzstan,2017,98,5.00400018692017,0.596220076084137,0.553457796573639,0.454943388700485,0.0394391790032387,5.08991990312934,4.91808047071099,0.42858037352562,1.53672313690186
Nepal,2017,99,4.96199989318848,0.479820191860199,0.504130780696869,0.440305948257446,0.0729755461215973,5.06735607936978,4.85664370700717,0.394096165895462,1.8912410736084
Mongolia,2017,100,4.95499992370605,1.02723586559296,0.557783484458923,0.394143968820572,0.0329022891819477,5.0216795091331,4.88832033827901,0.338464230298996,1.11129236221313
South Africa,2017,101,4.8289999961853,1.05469870567322,0.187080070376396,0.479246735572815,0.0725094974040985,4.92943518772721,4.72856480464339,0.139362379908562,1.51090860366821
Tunisia,2017,102,4.80499982833862,1.00726580619812,0.613212049007416,0.289680689573288,0.0867231488227844,4.88436700701714,4.72563264966011,0.0496933571994305,1.89025115966797
Palestinian Territories,2017,103,4.77500009536743,0.716249227523804,0.565666973590851,0.25471106171608,0.0892826020717621,4.88184834256768,4.66815184816718,0.114173173904419,1.8788902759552
Egypt,2017,104,4.7350001335144,0.989701807498932,0.520187258720398,0.282110154628754,0.114381365478039,4.82513378962874,4.64486647740006,0.128631442785263,1.70216107368469
Bulgaria,2017,105,4.71400022506714,1.1614590883255,0.708217680454254,0.289231717586517,0.0110515309497714,4.80369470641017,4.62430574372411,0.113177694380283,0.996139287948608
Sierra Leone,2017,106,4.70900011062622,0.36842092871666,0.0055647538974881,0.318697690963745,0.0710951760411263,4.85064333498478,4.56735688626766,0.293040901422501,2.66845989227295
Cameroon,2017,107,4.69500017166138,0.564305365085602,0.132892116904259,0.430388748645782,0.0513066314160824,4.79654085725546,4.5934594860673,0.236298456788063,2.3336455821991
Iran,2017,108,4.69199991226196,1.15687310695648,0.639333188533783,0.249322608113289,0.048761073499918,4.79822470769286,4.58577511683106,0.387242913246155,1.49873495101929
Albania,2017,109,4.64400005340576,0.996192753314972,0.731159746646881,0.381498634815216,0.0398642159998417,4.75246400639415,4.53553610041738,0.201312944293022,1.49044156074524
Bangladesh,2017,110,4.60799980163574,0.586682975292206,0.533241033554077,0.478356659412384,0.123717859387398,4.68982165828347,4.52617794498801,0.172255352139473,1.97873616218567
Namibia,2017,111,4.57399988174438,0.964434325695038,0.33861181139946,0.520303547382355,0.0931469723582268,4.77035474091768,4.37764502257109,0.0771337449550629,1.4818902015686
Kenya,2017,112,4.55299997329712,0.560479462146759,0.309988349676132,0.452763766050339,0.0646413192152977,4.65569159060717,4.45030835598707,0.444860309362411,1.6519021987915
Mozambique,2017,113,4.55000019073486,0.234305649995804,0.106654435396194,0.480791091918945,0.179436385631561,4.77410232633352,4.3258980551362,0.322228103876114,2.35565090179443
Myanmar,2017,114,4.54500007629395,0.367110550403595,0.397522568702698,0.514492034912109,0.188816204667091,4.61473994642496,4.47526020616293,0.838075160980225,1.11529040336609
Senegal,2017,115,4.53499984741211,0.479309022426605,0.409362852573395,0.377922266721725,0.115460447967052,4.6016037812829,4.46839591354132,0.183468893170357,1.78964614868164
Zambia,2017,116,4.51399993896484,0.636406779289246,0.257835894823074,0.461603492498398,0.0782135501503944,4.64410550147295,4.38389437645674,0.249580144882202,1.82670545578003
Iraq,2017,117,4.49700021743774,1.10271048545837,0.501180469989777,0.288555532693863,0.107215754687786,4.62259140968323,4.37140902519226,0.19963726401329,1.31890726089478
Gabon,2017,118,4.46500015258789,1.1982102394104,0.356578588485718,0.312328577041626,0.0760467872023582,4.5573617656529,4.37263853952289,0.0437853783369064,1.32291626930237
Ethiopia,2017,119,4.46000003814697,0.339233845472336,0.353409707546234,0.408842742443085,0.165455713868141,4.54272867664695,4.377271399647,0.312650740146637,2.01574373245239
Sri Lanka,2017,120,4.44000005722046,1.00985014438629,0.625130832195282,0.561213254928589,0.0736539661884308,4.55344719231129,4.32655292212963,0.490863561630249,0.419389247894287
Armenia,2017,121,4.37599992752075,0.900596737861633,0.637524425983429,0.198303267359734,0.0266744215041399,4.46673461228609,4.28526524275541,0.0834880918264389,1.5214991569519
India,2017,122,4.31500005722046,0.792221248149872,0.455427616834641,0.469987004995346,0.0922268852591515,4.37152201749384,4.25847809694707,0.231538489460945,1.5191171169281
Mauritania,2017,123,4.29199981689453,0.648457288742065,0.285349279642105,0.0960980430245399,0.136957004666328,4.37716361626983,4.20683601751924,0.201870024204254,1.65163731575012
Congo (Brazzaville),2017,124,4.29099988937378,0.808964252471924,0.28995743393898,0.435025870800018,0.0796181336045265,4.41005350500345,4.17194627374411,0.120852127671242,1.72413563728333
Georgia,2017,125,4.28599977493286,0.950612664222717,0.649546980857849,0.309410035610199,0.251666635274887,4.37493396580219,4.19706558406353,0.0540088154375553,1.50013780593872
Congo (Kinshasa),2017,126,4.28000020980835,0.0921023488044739,0.191407024860382,0.235961347818375,0.0602413564920425,4.35781083270907,4.20218958690763,0.246455833315849,2.22495865821838
Mali,2017,127,4.19000005722046,0.476180493831635,0.169365674257278,0.306613743305206,0.104970246553421,4.26967071101069,4.11032940343022,0.183354198932648,1.66819095611572
Ivory Coast,2017,128,4.17999982833862,0.603048920631409,0.0486421696841717,0.447706192731857,0.130061775445938,4.27518256321549,4.08481709346175,0.201237469911575,1.84496426582336
Cambodia,2017,129,4.16800022125244,0.601765096187592,0.429783403873444,0.633375823497772,0.0681059509515762,4.27851781353354,4.05748262897134,0.385922968387604,1.04294109344482
Sudan,2017,130,4.13899993896484,0.65951669216156,0.290920823812485,0.0149958552792668,0.089847519993782,4.34574716508389,3.9322527128458,0.182317450642586,1.68706583976746
Ghana,2017,131,4.11999988555908,0.667224824428558,0.295637726783752,0.423026293516159,0.0253363698720932,4.22270720854402,4.01729256257415,0.256923943758011,1.57786750793457
Ukraine,2017,132,4.09600019454956,0.89465194940567,0.575903952121735,0.122974775731564,0.0230294708162546,4.18541010454297,4.00659028455615,0.270061463117599,0.814382314682007
Uganda,2017,133,4.08099985122681,0.381430715322495,0.217632606625557,0.443185955286026,0.057069718837738,4.19579996705055,3.96619973540306,0.325766056776047,1.526362657547
Burkina Faso,2017,134,4.03200006484985,0.3502277135849,0.215844258666039,0.324367851018906,0.120328105986118,4.12405906438828,3.93994106531143,0.250864684581757,1.72721290588379
Niger,2017,135,4.02799987792969,0.161925330758095,0.26850500702858,0.36365869641304,0.138572946190834,4.11194681972265,3.94405293613672,0.228673845529556,1.87398338317871
Malawi,2017,136,3.97000002861023,0.233442038297653,0.315089583396912,0.466914653778076,0.0727116540074348,4.07747881740332,3.86252123981714,0.287170469760895,2.08178615570068
Chad,2017,137,3.93600010871887,0.438012987375259,0.0411347150802612,0.16234202682972,0.0535818822681904,4.0347115239501,3.83728869348764,0.216113850474358,2.07123804092407
Zimbabwe,2017,138,3.875,0.375846534967422,0.196763753890991,0.336384207010269,0.0953753814101219,3.97869964271784,3.77130035728216,0.189143493771553,1.59797024726868
Lesotho,2017,139,3.80800008773804,0.521021246910095,0.0,0.390661299228668,0.119094640016556,4.04434397548437,3.5716561999917,0.157497271895409,1.42983531951904
Angola,2017,140,3.79500007629395,0.858428180217743,0.0498686656355858,0.0,0.0697203353047371,3.95164193540812,3.63835821717978,0.097926490008831,1.61448240280151
Afghanistan,2017,141,3.79399991035461,0.401477217674255,0.180746778845787,0.106179520487785,0.0611578300595284,3.87366141527891,3.71433840543032,0.311870932579041,2.15080118179321
Botswana,2017,142,3.76600003242493,1.12209415435791,0.341755509376526,0.505196332931519,0.0985831990838051,3.87412266626954,3.65787739858031,0.0993484482169151,0.3779137134552
Benin,2017,143,3.65700006484985,0.431085407733917,0.209930211305618,0.425962775945663,0.0609290152788162,3.74578355133533,3.56821657836437,0.207948461174965,1.88563096523285
Madagascar,2017,144,3.64400005340576,0.305808693170547,0.375223308801651,0.189196765422821,0.0672319754958153,3.71431910589337,3.57368100091815,0.208732530474663,1.58461260795593
Haiti,2017,145,3.6029999256134,0.368610262870789,0.277321130037308,0.0303698573261499,0.0998721495270729,3.73471479773521,3.47128505349159,0.489203780889511,1.69716763496399
Yemen,2017,146,3.59299993515015,0.591683447360992,0.310080915689468,0.249463722109795,0.0567674227058887,3.69275031983852,3.49324955046177,0.104125209152699,1.34560060501099
South Sudan,2017,147,3.59100008010864,0.39724862575531,0.163486003875732,0.147062435746193,0.116793513298035,3.72553858578205,3.45646157443523,0.285670816898346,1.87956738471985
Liberia,2017,148,3.53299999237061,0.119041793048382,0.229918196797371,0.332881182432175,0.0389482490718365,3.65375626087189,3.41224372386932,0.26654988527298,1.67328596115112
Guinea,2017,149,3.50699996948242,0.244549930095673,0.194129139184952,0.348587512969971,0.110937617719173,3.58442812889814,3.4295718100667,0.264815092086792,1.55231189727783
Togo,2017,150,3.49499988555908,0.305444717407227,0.247105568647385,0.38042613863945,0.0956650152802467,3.59403811171651,3.39596165940166,0.196896150708199,1.83722925186157
Rwanda,2017,151,3.47099995613098,0.368745893239975,0.326424807310104,0.581843852996826,0.455220013856888,3.54303023353219,3.39896967872977,0.252756029367447,0.540061235427856
Syria,2017,152,3.46199989318848,0.777153134346008,0.50053334236145,0.0815394446253777,0.151347130537033,3.66366855680943,3.26033122956753,0.493663728237152,1.06157350540161
Tanzania,2017,153,3.34899997711182,0.511135876178741,0.364509284496307,0.390017777681351,0.0660351067781448,3.46142975538969,3.23657019883394,0.354256361722946,0.621130466461182
Burundi,2017,154,2.90499997138977,0.091622568666935,0.151610791683197,0.0599007532000542,0.0841479450464249,3.07469033300877,2.73530960977077,0.204435184597969,1.68302416801453
Central African Republic,2017,155,2.69300007820129,0.0,0.0187726859003305,0.270842045545578,0.0565650761127472,2.86488426923752,2.52111588716507,0.280876487493515,2.06600475311279
Finland,2018,1,7.632,1.305,0.874,0.681,0.393,6.8840639999999995,6.8840639999999995,0.202,6.896999999999999
Norway,2018,2,7.594,1.456,0.861,0.686,0.34,6.849788,6.849788,0.286,7.060999999999999
Denmark,2018,3,7.555,1.351,0.868,0.683,0.408,6.81461,6.81461,0.284,7.034000000000001
Iceland,2018,4,7.495,1.343,0.914,0.677,0.138,6.76049,6.76049,0.353,6.918999999999999
Switzerland,2018,5,7.487,1.42,0.927,0.66,0.357,6.753274,6.753274,0.256,7.019
Netherlands,2018,6,7.441,1.361,0.878,0.638,0.295,6.7117819999999995,6.7117819999999995,0.333,6.843
Canada,2018,7,7.328,1.33,0.896,0.653,0.291,6.609856000000001,6.609856000000001,0.321,6.873
New Zealand,2018,8,7.324,1.268,0.876,0.669,0.389,6.606248,6.606248,0.365,7.018000000000001
Sweden,2018,9,7.314,1.355,0.913,0.659,0.383,6.597228,6.597228,0.285,6.946
Australia,2018,10,7.272,1.34,0.91,0.647,0.302,6.559344,6.559344,0.361,6.983
United Kingdom,2018,11,7.19,1.244,0.888,0.464,0.082,6.48538,6.48538,0.262,6.223
Austria,2018,12,7.139,1.341,0.891,0.617,0.224,6.4393780000000005,6.4393780000000005,0.242,6.6690000000000005
Costa Rica,2018,13,7.072,1.01,0.817,0.632,0.101,6.378944,6.378944,0.143,6.0120000000000005
Ireland,2018,14,6.977,1.448,0.876,0.614,0.306,6.293254,6.293254,0.307,6.984000000000001
Germany,2018,15,6.965,1.34,0.861,0.586,0.28,6.28243,6.28243,0.273,6.664000000000001
Belgium,2018,16,6.927,1.324,0.894,0.583,0.24,6.2481539999999995,6.2481539999999995,0.188,6.562
Luxembourg,2018,17,6.91,1.576,0.896,0.632,0.321,6.23282,6.23282,0.196,6.990999999999999
United States,2018,18,6.886,1.398,0.819,0.547,0.133,6.211172,6.211172,0.291,6.509
Israel,2018,19,6.814,1.301,0.883,0.533,0.272,6.146228,6.146228,0.354,6.752000000000001
United Arab Emirates,2018,20,6.774,2.096,0.67,0.284,0.112,6.110148,6.110148,0.186,5.974
Czech Republic,2018,21,6.711,1.233,0.854,0.543,0.034,6.0533220000000005,6.0533220000000005,0.064,6.067
Malta,2018,22,6.627,1.27,0.884,0.645,0.142,5.977554,5.977554,0.376,6.692
France,2018,23,6.489,1.293,0.908,0.52,0.176,5.853078,5.853078,0.098,6.311
Mexico,2018,24,6.488,1.038,0.761,0.479,0.095,5.852176,5.852176,0.069,5.544
Chile,2018,25,6.476,1.131,0.808,0.431,0.061,5.841352,5.841352,0.197,5.808999999999999
Taiwan,2018,26,6.441,1.365,0.857,0.418,0.078,5.809782,5.809782,0.151,6.155
Panama,2018,27,6.43,1.112,0.759,0.597,0.063,5.79986,5.79986,0.125,5.944
Brazil,2018,28,6.419,0.986,0.675,0.493,0.088,5.789937999999999,5.789937999999999,0.11,5.676000000000001
Argentina,2018,29,6.388,1.073,0.744,0.57,0.054,5.761976,5.761976,0.062,5.821000000000001
Guatemala,2018,30,6.382,0.781,0.608,0.604,0.071,5.756564,5.756564,0.179,5.361
Uruguay,2018,31,6.379,1.093,0.771,0.625,0.155,5.753857999999999,5.753857999999999,0.13,6.083
Qatar,2018,32,6.374,1.649,0.748,0.654,0.171,5.7493479999999995,5.7493479999999995,0.256,6.631
Saudi Arabia,2018,33,6.371,1.379,0.633,0.509,0.127,5.7466420000000005,5.7466420000000005,0.098,5.9270000000000005
Singapore,2018,34,6.343,1.529,1.008,0.631,0.457,5.721386,5.721386,0.261,7.187
Malaysia,2018,35,6.322,1.161,0.669,0.356,0.059,5.702444,5.702444,0.311,5.664
Spain,2018,36,6.31,1.251,0.965,0.449,0.074,5.6916199999999995,5.6916199999999995,0.142,6.269
Colombia,2018,37,6.26,0.96,0.635,0.531,0.039,5.64652,5.64652,0.099,5.553
Trinidad & Tobago,2018,38,6.192,1.223,0.564,0.575,0.019,5.585184,5.585184,0.171,5.894000000000001
Slovakia,2018,39,6.173,1.21,0.776,0.354,0.014,5.568046,5.568046,0.118,5.859
El Salvador,2018,40,6.167,0.806,0.639,0.461,0.082,5.562634,5.562634,0.065,5.134000000000001
Nicaragua,2018,41,6.141,0.668,0.7,0.527,0.128,5.539182,5.539182,0.208,5.4
Poland,2018,42,6.123,1.176,0.781,0.546,0.064,5.522946,5.522946,0.108,5.973
Bahrain,2018,43,6.105,1.338,0.698,0.594,0.123,5.50671,5.50671,0.243,6.2120000000000015
Uzbekistan,2018,44,6.096,0.719,0.605,0.724,0.259,5.498592,5.498592,0.328,6.069000000000001
Kuwait,2018,45,6.083,1.474,0.675,0.554,0.106,5.486866,5.486866,0.167,6.127
Thailand,2018,46,6.072,1.016,0.707,0.637,0.029,5.476944,5.476944,0.364,6.02
Italy,2018,47,6.0,1.264,0.946,0.281,0.028,5.412,5.412,0.137,6.006999999999999
Ecuador,2018,48,5.973,0.889,0.736,0.556,0.12,5.387646,5.387646,0.114,5.595
Belize,2018,49,5.956,0.807,0.474,0.593,0.089,5.372312000000001,5.372312000000001,0.183,5.097
Lithuania,2018,50,5.952,1.197,0.716,0.35,0.006,5.368704,5.368704,0.026,5.672
Slovenia,2018,51,5.948,1.219,0.856,0.633,0.051,5.365096,5.365096,0.16,6.275
Romania,2018,52,5.945,1.116,0.726,0.528,0.001,5.36239,5.36239,0.088,5.528000000000001
Latvia,2018,53,5.933,1.148,0.671,0.363,0.066,5.351566,5.351566,0.092,5.643999999999999
Japan,2018,54,5.915,1.294,0.988,0.553,0.15,5.33533,5.33533,0.079,6.3759999999999994
Mauritius,2018,55,5.891,1.09,0.684,0.584,0.05,5.313682,5.313682,0.245,5.89
Jamaica,2018,56,5.89,0.819,0.693,0.575,0.031,5.31278,5.31278,0.096,5.5569999999999995
South Korea,2018,57,5.875,1.266,0.955,0.244,0.051,5.29925,5.29925,0.175,5.745
Northern Cyprus,2018,58,5.835,1.229,0.909,0.495,0.154,5.26317,5.26317,0.179,6.027
Russia,2018,59,5.81,1.151,0.599,0.399,0.025,5.24062,5.24062,0.065,5.568000000000001
Kazakhstan,2018,60,5.79,1.143,0.631,0.454,0.121,5.22258,5.22258,0.148,5.8629999999999995
Cyprus,2018,61,5.762,1.229,0.909,0.423,0.035,5.197324,5.197324,0.202,5.839
Bolivia,2018,62,5.752,0.751,0.508,0.606,0.054,5.188304,5.188304,0.141,5.133
Estonia,2018,63,5.739,1.2,0.737,0.553,0.174,5.176578,5.176578,0.086,6.132000000000001
Paraguay,2018,64,5.681,0.835,0.615,0.541,0.074,5.124262,5.124262,0.162,5.599
Peru,2018,65,5.663,0.934,0.674,0.53,0.034,5.108026000000001,5.108026000000001,0.092,5.363
Kosovo,2018,66,5.662,0.855,0.578,0.448,0.023,5.107124,5.107124,0.274,5.258
Moldova,2018,67,5.64,0.657,0.62,0.232,0.0,5.08728,5.08728,0.171,4.831
Turkmenistan,2018,68,5.636,1.016,0.517,0.417,0.037,5.083672,5.083672,0.199,5.569
Hungary,2018,69,5.62,1.171,0.732,0.259,0.022,5.06924,5.06924,0.061,5.496
Libya,2018,70,5.566,0.985,0.553,0.496,0.148,5.020532,5.020532,0.116,5.498
Philippines,2018,71,5.524,0.775,0.513,0.643,0.105,4.982648,4.982648,0.12,5.3180000000000005
Honduras,2018,72,5.504,0.62,0.622,0.459,0.074,4.964607999999999,4.964607999999999,0.197,5.027
Belarus,2018,73,5.483,1.039,0.7,0.307,0.154,4.945665999999999,4.945665999999999,0.101,5.649000000000001
Turkey,2018,74,5.483,1.148,0.686,0.324,0.109,4.945665999999999,4.945665999999999,0.106,5.603
Pakistan,2018,75,5.472,0.652,0.424,0.334,0.113,4.935744000000001,4.935744000000001,0.216,4.399000000000001
Hong Kong,2018,76,5.43,1.405,1.03,0.524,0.291,4.89786,4.89786,0.246,6.636
Portugal,2018,77,5.41,1.188,0.884,0.562,0.017,4.8798200000000005,4.8798200000000005,0.055,5.985000000000001
Serbia,2018,78,5.398,0.975,0.685,0.288,0.043,4.868996,4.868996,0.134,5.344000000000001
Greece,2018,79,5.358,1.154,0.879,0.131,0.044,4.832916,4.832916,0.0,5.26
Lebanon,2018,80,5.358,0.965,0.785,0.503,0.136,4.832916,4.832916,0.214,5.632000000000001
Montenegro,2018,81,5.347,1.017,0.729,0.259,0.081,4.8229940000000004,4.8229940000000004,0.111,5.3260000000000005
Croatia,2018,82,5.321,1.115,0.737,0.38,0.039,4.799542,4.799542,0.12,5.401999999999999
Dominican Republic,2018,83,5.302,0.982,0.614,0.578,0.106,4.782404,4.782404,0.12,5.691
Algeria,2018,84,5.295,0.979,0.687,0.077,0.135,4.77609,4.77609,0.055,4.937
Morocco,2018,85,5.254,0.779,0.669,0.46,0.074,4.739108,4.739108,0.026,4.654999999999999
China,2018,86,5.246,0.989,0.799,0.597,0.103,4.731892,4.731892,0.029,5.5089999999999995
Azerbaijan,2018,87,5.201,1.024,0.603,0.43,0.176,4.691301999999999,4.691301999999999,0.031,5.2749999999999995
Tajikistan,2018,88,5.199,0.474,0.598,0.292,0.034,4.6894979999999995,4.6894979999999995,0.187,4.600999999999999
Macedonia,2018,89,5.185,0.959,0.691,0.394,0.052,4.676869999999999,4.676869999999999,0.173,5.358
Jordan,2018,90,5.161,0.822,0.645,0.468,0.134,4.655221999999999,4.655221999999999,0.13,5.314
Nigeria,2018,91,5.155,0.689,0.048,0.462,0.032,4.64981,4.64981,0.201,4.454
Kyrgyzstan,2018,92,5.131,0.53,0.594,0.54,0.035,4.6281620000000006,4.6281620000000006,0.281,5.246
Bosnia and Herzegovina,2018,93,5.129,0.915,0.758,0.28,0.0,4.626358,4.626358,0.216,5.097
Mongolia,2018,94,5.125,0.914,0.575,0.395,0.032,4.62275,4.62275,0.253,5.5360000000000005
Vietnam,2018,95,5.103,0.715,0.702,0.618,0.079,4.602906,4.602906,0.177,5.505999999999999
Indonesia,2018,96,5.093,0.899,0.522,0.538,0.018,4.593886,4.593886,0.484,5.526000000000001
Bhutan,2018,97,5.082,0.796,0.527,0.541,0.171,4.583964,4.583964,0.364,5.5840000000000005
Somalia,2018,98,4.982,0.0,0.115,0.674,0.282,4.4937640000000005,4.4937640000000005,0.238,3.8710000000000004
Cameroon,2018,99,4.975,0.535,0.182,0.454,0.043,4.48745,4.48745,0.183,4.138000000000001
Bulgaria,2018,100,4.933,1.054,0.712,0.359,0.009,4.449566,4.449566,0.064,5.563
Nepal,2018,101,4.88,0.425,0.539,0.526,0.078,4.4017599999999995,4.4017599999999995,0.302,4.9479999999999995
Venezuela,2018,102,4.806,0.996,0.657,0.133,0.052,4.335012,4.335012,0.056,5.213
Gabon,2018,103,4.758,1.036,0.404,0.356,0.052,4.291716,4.291716,0.032,4.893999999999999
Palestinian Territories,2018,104,4.743,0.642,0.602,0.266,0.076,4.278186,4.278186,0.086,4.739
South Africa,2018,105,4.724,0.94,0.33,0.516,0.056,4.261048000000001,4.261048000000001,0.103,5.205
Iran,2018,106,4.707,1.059,0.691,0.459,0.129,4.2457139999999995,4.2457139999999995,0.282,5.240999999999999
Ivory Coast,2018,107,4.671,0.541,0.08,0.467,0.103,4.213242,4.213242,0.146,4.059
Ghana,2018,108,4.657,0.592,0.337,0.499,0.029,4.200614,4.200614,0.212,4.415
Senegal,2018,109,4.631,0.429,0.433,0.406,0.082,4.177162,4.177162,0.138,4.455
Laos,2018,110,4.623,0.72,0.441,0.626,0.174,4.169946,4.169946,0.23,5.075000000000001
Tunisia,2018,111,4.592,0.9,0.69,0.271,0.063,4.141984,4.141984,0.04,4.720000000000001
Albania,2018,112,4.586,0.916,0.79,0.419,0.032,4.136572,4.136572,0.149,4.973
Sierra Leone,2018,113,4.571,0.256,0.0,0.355,0.053,4.123042,4.123042,0.238,3.5649999999999995
Congo (Brazzaville),2018,114,4.559,0.682,0.343,0.514,0.077,4.112218,4.112218,0.091,4.368
Bangladesh,2018,115,4.5,0.532,0.579,0.58,0.144,4.059,4.059,0.153,4.688
Sri Lanka,2018,116,4.471,0.918,0.672,0.585,0.05,4.0328420000000005,4.0328420000000005,0.307,5.696000000000001
Iraq,2018,117,4.456,1.01,0.536,0.304,0.095,4.019312,4.019312,0.148,4.914
Mali,2018,118,4.447,0.37,0.152,0.367,0.056,4.011194,4.011194,0.139,4.167000000000001
Namibia,2018,119,4.441,0.874,0.365,0.519,0.064,4.005782,4.005782,0.051,5.0040000000000004
Cambodia,2018,120,4.433,0.549,0.457,0.696,0.065,3.998566,3.998566,0.256,4.961
Burkina Faso,2018,121,4.424,0.314,0.254,0.312,0.128,3.990448,3.990448,0.175,4.13
Egypt,2018,122,4.419,0.885,0.553,0.312,0.107,3.9859379999999995,3.9859379999999995,0.092,4.824
Mozambique,2018,123,4.417,0.198,0.173,0.531,0.158,3.984134,3.984134,0.206,4.018
Kenya,2018,124,4.41,0.493,0.454,0.504,0.055,3.97782,3.97782,0.352,4.755999999999999
Zambia,2018,125,4.377,0.562,0.295,0.503,0.082,3.948054,3.948054,0.221,4.56
Mauritania,2018,126,4.356,0.557,0.292,0.129,0.093,3.929112,3.929112,0.134,4.3
Ethiopia,2018,127,4.35,0.308,0.391,0.452,0.146,3.9236999999999997,3.9236999999999997,0.22,4.317
Georgia,2018,128,4.34,0.853,0.643,0.375,0.215,3.9146799999999997,3.9146799999999997,0.038,4.566
Armenia,2018,129,4.321,0.816,0.666,0.26,0.028,3.8975419999999996,3.8975419999999996,0.077,4.686999999999999
Myanmar,2018,130,4.308,0.682,0.429,0.58,0.178,3.8858159999999997,3.8858159999999997,0.598,5.491
Chad,2018,131,4.301,0.358,0.053,0.189,0.06,3.879502,3.879502,0.181,3.5980000000000003
Congo (Kinshasa),2018,132,4.245,0.069,0.204,0.312,0.052,3.82899,3.82899,0.197,3.82
India,2018,133,4.19,0.721,0.485,0.539,0.093,3.77938,3.77938,0.172,4.607
Niger,2018,134,4.166,0.131,0.221,0.39,0.099,3.7577320000000003,3.7577320000000003,0.175,3.733
Uganda,2018,135,4.161,0.322,0.237,0.45,0.061,3.7532219999999996,3.7532219999999996,0.259,4.269000000000001
Benin,2018,136,4.141,0.378,0.24,0.44,0.067,3.735182,3.735182,0.163,3.51
Sudan,2018,137,4.139,0.605,0.312,0.016,0.082,3.733378,3.733378,0.134,4.239
Ukraine,2018,138,4.103,0.793,0.609,0.163,0.011,3.700906,3.700906,0.187,5.026000000000001
Togo,2018,139,3.999,0.259,0.253,0.434,0.101,3.607098,3.607098,0.158,3.5290000000000004
Guinea,2018,140,3.964,0.344,0.211,0.394,0.094,3.575528,3.575528,0.185,3.8699999999999997
Lesotho,2018,141,3.808,0.472,0.079,0.423,0.112,3.4348159999999996,3.4348159999999996,0.116,4.2669999999999995
Angola,2018,142,3.795,0.73,0.269,0.0,0.061,3.4230899999999997,3.4230899999999997,0.079,4.114
Madagascar,2018,143,3.774,0.262,0.402,0.221,0.049,3.404148,3.404148,0.155,3.847
Zimbabwe,2018,144,3.692,0.357,0.248,0.406,0.099,3.330184,3.330184,0.132,4.186000000000001
Afghanistan,2018,145,3.632,0.332,0.255,0.085,0.036,3.276064,3.276064,0.191,3.2859999999999996
Botswana,2018,146,3.59,1.017,0.417,0.557,0.092,3.23818,3.23818,0.042,5.149
Malawi,2018,147,3.587,0.186,0.306,0.531,0.08,3.235474,3.235474,0.21,3.704
Haiti,2018,148,3.582,0.315,0.289,0.025,0.104,3.2309639999999997,3.2309639999999997,0.392,3.689
Liberia,2018,149,3.495,0.076,0.267,0.419,0.03,3.1524900000000002,3.1524900000000002,0.206,3.706
Syria,2018,150,3.462,0.689,0.539,0.088,0.144,3.1227240000000003,3.1227240000000003,0.376,4.0680000000000005
Rwanda,2018,151,3.408,0.332,0.4,0.636,0.444,3.074016,3.074016,0.2,4.758000000000001
Yemen,2018,152,3.355,0.442,0.343,0.244,0.064,3.02621,3.02621,0.083,4.099
Tanzania,2018,153,3.303,0.455,0.381,0.481,0.097,2.979306,2.979306,0.27,4.525000000000001
South Sudan,2018,154,3.254,0.337,0.177,0.112,0.106,2.935108,2.935108,0.224,3.4140000000000006
Central African Republic,2018,155,3.083,0.024,0.01,0.305,0.038,2.780866,2.780866,0.218,2.445
Burundi,2018,156,2.905,0.091,0.145,0.065,0.076,2.62031,2.62031,0.149,3.003
Finland,2019,1,7.769,1.34,0.986,0.596,0.393,7.007638,7.007638,0.153,7.004999999999999
Denmark,2019,2,7.6,1.383,0.996,0.592,0.41,6.8552,6.8552,0.252,7.156000000000001
Norway,2019,3,7.554,1.488,1.028,0.603,0.341,6.813708,6.813708,0.271,7.263
Iceland,2019,4,7.494,1.38,1.026,0.591,0.118,6.759588,6.759588,0.354,7.043000000000001
Netherlands,2019,5,7.488,1.396,0.999,0.557,0.298,6.754176,6.754176,0.322,7.0440000000000005
Switzerland,2019,6,7.48,1.452,1.052,0.572,0.343,6.7469600000000005,6.7469600000000005,0.263,7.1579999999999995
Sweden,2019,7,7.343,1.387,1.009,0.574,0.373,6.623386,6.623386,0.267,7.047000000000001
New Zealand,2019,8,7.307,1.303,1.026,0.585,0.38,6.590914000000001,6.590914000000001,0.33,7.131
Canada,2019,9,7.278,1.365,1.039,0.584,0.308,6.564755999999999,6.564755999999999,0.285,7.036
Austria,2019,10,7.246,1.376,1.016,0.532,0.226,6.5358920000000005,6.5358920000000005,0.244,6.819
Australia,2019,11,7.228,1.372,1.036,0.557,0.29,6.5196559999999995,6.5196559999999995,0.332,7.085000000000001
Costa Rica,2019,12,7.167,1.034,0.963,0.558,0.093,6.464634,6.464634,0.144,6.183
Israel,2019,13,7.139,1.276,1.029,0.371,0.082,6.4393780000000005,6.4393780000000005,0.261,6.4239999999999995
Luxembourg,2019,14,7.09,1.609,1.012,0.526,0.316,6.39518,6.39518,0.194,7.086
United Kingdom,2019,15,7.054,1.333,0.996,0.45,0.278,6.3627080000000005,6.3627080000000005,0.348,6.893000000000001
Ireland,2019,16,7.021,1.499,0.999,0.516,0.31,6.332942,6.332942,0.298,7.124999999999999
Germany,2019,17,6.985,1.373,0.987,0.495,0.265,6.300470000000001,6.300470000000001,0.261,6.785
Belgium,2019,18,6.923,1.356,0.986,0.473,0.21,6.244546,6.244546,0.16,6.639
United States,2019,19,6.892,1.433,0.874,0.454,0.128,6.216584,6.216584,0.28,6.576
Czech Republic,2019,20,6.852,1.269,0.92,0.457,0.036,6.180504,6.180504,0.046,6.164999999999999
United Arab Emirates,2019,21,6.825,1.503,0.825,0.598,0.182,6.15615,6.15615,0.262,6.63
Malta,2019,22,6.726,1.3,0.999,0.564,0.151,6.066852,6.066852,0.375,6.858999999999999
Mexico,2019,23,6.595,1.07,0.861,0.433,0.073,5.94869,5.94869,0.074,5.784
France,2019,24,6.592,1.324,1.045,0.436,0.183,5.945983999999999,5.945983999999999,0.111,6.521
Taiwan,2019,25,6.446,1.368,0.914,0.351,0.097,5.814292,5.814292,0.242,6.352
Chile,2019,26,6.444,1.159,0.92,0.357,0.056,5.812488,5.812488,0.187,5.998
Guatemala,2019,27,6.436,0.8,0.746,0.535,0.078,5.8052719999999995,5.8052719999999995,0.175,5.553000000000001
Saudi Arabia,2019,28,6.375,1.403,0.795,0.439,0.132,5.75025,5.75025,0.08,6.156
Qatar,2019,29,6.374,1.684,0.871,0.555,0.167,5.7493479999999995,5.7493479999999995,0.22,6.76
Spain,2019,30,6.354,1.286,1.062,0.362,0.079,5.731308,5.731308,0.153,6.3759999999999994
Panama,2019,31,6.321,1.149,0.91,0.516,0.054,5.701542,5.701542,0.109,6.130000000000001
Brazil,2019,32,6.3,1.004,0.802,0.39,0.086,5.6826,5.6826,0.099,5.77
Uruguay,2019,33,6.293,1.124,0.891,0.523,0.15,5.676286,5.676286,0.127,6.2299999999999995
Singapore,2019,34,6.262,1.572,1.141,0.556,0.453,5.648324,5.648324,0.271,7.406000000000001
El Salvador,2019,35,6.253,0.794,0.789,0.43,0.074,5.640206,5.640206,0.093,5.371999999999999
Italy,2019,36,6.223,1.294,1.039,0.231,0.03,5.6131459999999995,5.6131459999999995,0.158,6.1899999999999995
Bahrain,2019,37,6.199,1.362,0.871,0.536,0.11,5.591498,5.591498,0.255,6.452000000000002
Slovakia,2019,38,6.198,1.246,0.881,0.334,0.014,5.590596000000001,5.590596000000001,0.121,6.05
Trinidad & Tobago,2019,39,6.192,1.231,0.713,0.489,0.016,5.585184,5.585184,0.185,6.061
Poland,2019,40,6.182,1.206,0.884,0.483,0.05,5.576164,5.576164,0.117,6.127999999999999
Uzbekistan,2019,41,6.174,0.745,0.756,0.631,0.24,5.568948000000001,5.568948000000001,0.322,6.173000000000001
Lithuania,2019,42,6.149,1.238,0.818,0.291,0.042,5.546398,5.546398,0.043,5.896999999999999
Colombia,2019,43,6.125,0.985,0.841,0.47,0.034,5.52475,5.52475,0.099,5.789
Slovenia,2019,44,6.118,1.258,0.953,0.564,0.057,5.518436,5.518436,0.144,6.449000000000001
Nicaragua,2019,45,6.105,0.694,0.835,0.435,0.127,5.50671,5.50671,0.2,5.566
Kosovo,2019,46,6.1,0.882,0.758,0.489,0.006,5.502199999999999,5.502199999999999,0.262,5.579
Argentina,2019,47,6.086,1.092,0.881,0.471,0.05,5.489572,5.489572,0.066,5.942
Romania,2019,48,6.07,1.162,0.825,0.462,0.005,5.475140000000001,5.475140000000001,0.083,5.719
Cyprus,2019,49,6.046,1.263,1.042,0.406,0.041,5.453492000000001,5.453492000000001,0.19,6.115
Ecuador,2019,50,6.028,0.912,0.868,0.498,0.087,5.437256,5.437256,0.126,5.753000000000001
Kuwait,2019,51,6.021,1.5,0.808,0.493,0.097,5.430942,5.430942,0.142,6.309000000000001
Thailand,2019,52,6.008,1.05,0.828,0.557,0.028,5.4192160000000005,5.4192160000000005,0.359,6.181
Latvia,2019,53,5.94,1.187,0.812,0.264,0.064,5.357880000000001,5.357880000000001,0.075,5.817000000000001
South Korea,2019,54,5.895,1.301,1.036,0.159,0.056,5.31729,5.31729,0.175,5.895999999999999
Estonia,2019,55,5.893,1.237,0.874,0.495,0.161,5.315486,5.315486,0.103,6.347999999999999
Jamaica,2019,56,5.89,0.831,0.831,0.49,0.028,5.31278,5.31278,0.107,5.715
Mauritius,2019,57,5.888,1.12,0.798,0.498,0.06,5.310976,5.310976,0.215,6.043
Japan,2019,58,5.886,1.327,1.088,0.445,0.14,5.309172,5.309172,0.069,6.438
Honduras,2019,59,5.86,0.642,0.828,0.507,0.078,5.28572,5.28572,0.246,5.487
Kazakhstan,2019,60,5.809,1.173,0.729,0.41,0.096,5.239718,5.239718,0.146,6.0120000000000005
Bolivia,2019,61,5.779,0.776,0.706,0.511,0.064,5.212658,5.212658,0.137,5.353
Hungary,2019,62,5.758,1.201,0.828,0.199,0.02,5.193716,5.193716,0.081,5.689
Paraguay,2019,63,5.743,0.855,0.777,0.514,0.08,5.180186,5.180186,0.184,5.835
Northern Cyprus,2019,64,5.718,1.263,1.042,0.417,0.162,5.157636,5.157636,0.191,6.276999999999999
Peru,2019,65,5.697,0.96,0.854,0.455,0.027,5.138694,5.138694,0.083,5.603000000000001
Portugal,2019,66,5.693,1.221,0.999,0.508,0.025,5.135085999999999,5.135085999999999,0.047,6.181
Pakistan,2019,67,5.653,0.677,0.535,0.313,0.098,5.099005999999999,5.099005999999999,0.22,4.679
Russia,2019,68,5.648,1.183,0.726,0.334,0.031,5.0944959999999995,5.0944959999999995,0.082,5.757999999999999
Philippines,2019,69,5.631,0.807,0.657,0.558,0.107,5.079162,5.079162,0.117,5.489
Serbia,2019,70,5.603,1.004,0.854,0.282,0.039,5.053906,5.053906,0.137,5.649
Moldova,2019,71,5.529,0.685,0.739,0.245,0.0,4.987158,4.987158,0.181,5.128
Libya,2019,72,5.525,1.044,0.673,0.416,0.152,4.98355,4.98355,0.133,5.671
Montenegro,2019,73,5.523,1.051,0.871,0.197,0.08,4.981745999999999,4.981745999999999,0.142,5.652000000000001
Tajikistan,2019,74,5.467,0.493,0.718,0.389,0.144,4.931234,4.931234,0.23,5.022000000000001
Croatia,2019,75,5.432,1.155,0.914,0.296,0.022,4.8996640000000005,4.8996640000000005,0.119,5.722
Hong Kong,2019,76,5.43,1.438,1.122,0.44,0.287,4.89786,4.89786,0.258,6.772
Dominican Republic,2019,77,5.425,1.015,0.779,0.497,0.101,4.89335,4.89335,0.113,5.856
Bosnia and Herzegovina,2019,78,5.386,0.945,0.845,0.212,0.006,4.858172,4.858172,0.263,5.433
Turkey,2019,79,5.373,1.183,0.808,0.195,0.106,4.846446,4.846446,0.083,5.6850000000000005
Malaysia,2019,80,5.339,1.221,0.828,0.508,0.024,4.815778,4.815778,0.26,5.962000000000001
Belarus,2019,81,5.323,1.067,0.789,0.235,0.142,4.801346000000001,4.801346000000001,0.094,5.742000000000001
Greece,2019,82,5.287,1.181,0.999,0.067,0.034,4.768874,4.768874,0.0,5.387
Mongolia,2019,83,5.285,0.948,0.667,0.317,0.038,4.76707,4.76707,0.235,5.686
North Macedonia,2019,84,5.274,0.983,0.838,0.345,0.034,4.757148,4.757148,0.185,5.629
Nigeria,2019,85,5.265,0.696,0.245,0.426,0.041,4.749029999999999,4.749029999999999,0.215,4.684
Kyrgyzstan,2019,86,5.261,0.551,0.723,0.508,0.023,4.7454220000000005,4.7454220000000005,0.3,5.492999999999999
Turkmenistan,2019,87,5.247,1.052,0.657,0.394,0.028,4.732794,4.732794,0.244,5.8629999999999995
Algeria,2019,88,5.211,1.002,0.785,0.086,0.114,4.700322,4.700322,0.073,5.170000000000001
Morocco,2019,89,5.208,0.801,0.782,0.418,0.076,4.697616,4.697616,0.036,4.845
Azerbaijan,2019,90,5.208,1.043,0.769,0.351,0.182,4.697616,4.697616,0.035,5.477
Lebanon,2019,91,5.197,0.987,0.815,0.216,0.027,4.6876940000000005,4.6876940000000005,0.166,5.385
Indonesia,2019,92,5.192,0.931,0.66,0.491,0.028,4.683184000000001,4.683184000000001,0.498,5.761
China,2019,93,5.191,1.029,0.893,0.521,0.1,4.682282,4.682282,0.058,5.675999999999999
Vietnam,2019,94,5.175,0.741,0.851,0.543,0.073,4.66785,4.66785,0.147,5.651000000000001
Bhutan,2019,95,5.082,0.813,0.604,0.457,0.167,4.583964,4.583964,0.37,5.6819999999999995
Cameroon,2019,96,5.044,0.549,0.331,0.381,0.037,4.549688,4.549688,0.187,4.345000000000001
Bulgaria,2019,97,5.011,1.092,0.815,0.311,0.004,4.519922,4.519922,0.081,5.766
Ghana,2019,98,4.996,0.611,0.486,0.381,0.04,4.506392,4.506392,0.245,4.5809999999999995
Ivory Coast,2019,99,4.944,0.569,0.232,0.352,0.09,4.459488,4.459488,0.154,4.154999999999999
Nepal,2019,100,4.913,0.446,0.677,0.439,0.089,4.431526,4.431526,0.285,5.112
Jordan,2019,101,4.906,0.837,0.815,0.383,0.13,4.425212,4.425212,0.11,5.450000000000001
Benin,2019,102,4.883,0.393,0.397,0.349,0.082,4.404466,4.404466,0.175,3.7829999999999995
Congo (Brazzaville),2019,103,4.812,0.673,0.508,0.372,0.093,4.3404240000000005,4.3404240000000005,0.105,4.5
Gabon,2019,104,4.799,1.057,0.571,0.295,0.055,4.328698,4.328698,0.043,5.153999999999999
Laos,2019,105,4.796,0.764,0.551,0.547,0.164,4.325992,4.325992,0.266,5.271999999999999
South Africa,2019,106,4.722,0.96,0.469,0.389,0.055,4.259244000000001,4.259244000000001,0.13,5.304
Albania,2019,107,4.719,0.947,0.874,0.383,0.027,4.256538,4.256538,0.178,5.207
Venezuela,2019,108,4.707,0.96,0.805,0.154,0.047,4.2457139999999995,4.2457139999999995,0.064,5.406999999999999
Cambodia,2019,109,4.7,0.574,0.637,0.609,0.062,4.2394,4.2394,0.232,5.186
Palestinian Territories,2019,110,4.696,0.657,0.672,0.225,0.066,4.235792,4.235792,0.103,4.919999999999999
Senegal,2019,111,4.681,0.45,0.571,0.292,0.072,4.222262,4.222262,0.153,4.621999999999999
Somalia,2019,112,4.668,0.0,0.268,0.559,0.27,4.210536,4.210536,0.243,3.9879999999999995
Namibia,2019,113,4.639,0.879,0.477,0.401,0.056,4.184378000000001,4.184378000000001,0.07,5.146
Niger,2019,114,4.628,0.138,0.366,0.318,0.102,4.174456,4.174456,0.188,3.8360000000000003
Burkina Faso,2019,115,4.587,0.331,0.38,0.255,0.113,4.137474,4.137474,0.177,4.2620000000000005
Armenia,2019,116,4.559,0.85,0.815,0.283,0.064,4.112218,4.112218,0.095,5.112
Iran,2019,117,4.548,1.1,0.785,0.305,0.125,4.102296,4.102296,0.27,5.377000000000001
Guinea,2019,118,4.534,0.38,0.375,0.332,0.086,4.089668,4.089668,0.207,4.158999999999999
Georgia,2019,119,4.519,0.886,0.752,0.346,0.164,4.076138,4.076138,0.043,4.8069999999999995
Gambia,2019,120,4.516,0.308,0.428,0.382,0.167,4.073432,4.073432,0.269,4.4430000000000005
Kenya,2019,121,4.509,0.512,0.581,0.431,0.053,4.067118000000001,4.067118000000001,0.372,4.882
Mauritania,2019,122,4.49,0.57,0.489,0.066,0.088,4.04998,4.04998,0.106,4.436
Mozambique,2019,123,4.466,0.204,0.39,0.494,0.138,4.028332,4.028332,0.197,4.358999999999999
Tunisia,2019,124,4.461,0.921,0.815,0.167,0.055,4.023822,4.023822,0.059,4.9670000000000005
Bangladesh,2019,125,4.456,0.562,0.723,0.527,0.143,4.019312,4.019312,0.166,4.999
Iraq,2019,126,4.437,1.043,0.574,0.241,0.089,4.002174,4.002174,0.148,5.0249999999999995
Congo (Kinshasa),2019,127,4.418,0.094,0.357,0.269,0.053,3.985036,3.985036,0.212,4.0600000000000005
Mali,2019,128,4.39,0.385,0.308,0.327,0.052,3.95978,3.95978,0.153,4.28
Sierra Leone,2019,129,4.374,0.268,0.242,0.309,0.045,3.9453479999999996,3.9453479999999996,0.252,3.907
Sri Lanka,2019,130,4.366,0.949,0.831,0.47,0.047,3.9381319999999995,3.9381319999999995,0.244,5.7559999999999985
Myanmar,2019,131,4.36,0.71,0.555,0.525,0.172,3.93272,3.93272,0.566,5.659
Chad,2019,132,4.35,0.35,0.192,0.174,0.078,3.9236999999999997,3.9236999999999997,0.198,3.7079999999999997
Ukraine,2019,133,4.332,0.82,0.739,0.178,0.01,3.907464,3.907464,0.187,5.274
Ethiopia,2019,134,4.286,0.336,0.532,0.344,0.1,3.8659719999999997,3.8659719999999997,0.209,4.504
Swaziland,2019,135,4.212,0.811,0.0,0.313,0.135,3.7992239999999997,3.7992239999999997,0.074,4.4319999999999995
Uganda,2019,136,4.189,0.332,0.443,0.356,0.06,3.778478,3.778478,0.252,4.461999999999999
Egypt,2019,137,4.166,0.913,0.644,0.241,0.067,3.7577320000000003,3.7577320000000003,0.076,4.93
Zambia,2019,138,4.107,0.578,0.426,0.431,0.087,3.704514,3.704514,0.247,4.777
Togo,2019,139,4.085,0.275,0.41,0.293,0.085,3.68467,3.68467,0.177,3.7620000000000005
India,2019,140,4.015,0.755,0.588,0.498,0.085,3.62153,3.62153,0.2,4.841
Liberia,2019,141,3.975,0.073,0.443,0.37,0.033,3.5854500000000002,3.5854500000000002,0.233,4.024
Comoros,2019,142,3.973,0.274,0.505,0.142,0.078,3.583646,3.583646,0.275,3.981
Madagascar,2019,143,3.933,0.274,0.555,0.148,0.041,3.5475659999999998,3.5475659999999998,0.169,4.053
Lesotho,2019,144,3.802,0.489,0.168,0.359,0.093,3.429404,3.429404,0.107,4.335
Burundi,2019,145,3.775,0.046,0.38,0.22,0.18,3.40505,3.40505,0.176,3.3990000000000005
Zimbabwe,2019,146,3.663,0.366,0.433,0.361,0.089,3.304026,3.304026,0.151,4.4639999999999995
Haiti,2019,147,3.597,0.323,0.449,0.026,0.11,3.244494,3.244494,0.419,3.965
Botswana,2019,148,3.488,1.041,0.538,0.455,0.1,3.146176,3.146176,0.025,5.254
Syria,2019,149,3.462,0.619,0.44,0.013,0.141,3.1227240000000003,3.1227240000000003,0.331,3.872
Malawi,2019,150,3.41,0.191,0.495,0.443,0.089,3.07582,3.07582,0.218,3.946
Yemen,2019,151,3.38,0.287,0.463,0.143,0.077,3.0487599999999997,3.0487599999999997,0.108,4.191
Rwanda,2019,152,3.334,0.359,0.614,0.555,0.411,3.007268,3.007268,0.217,4.817
Tanzania,2019,153,3.231,0.476,0.499,0.417,0.147,2.9143619999999997,2.9143619999999997,0.276,4.6499999999999995
Afghanistan,2019,154,3.203,0.35,0.361,0.0,0.025,2.889106,2.889106,0.158,3.3609999999999998
Central African Republic,2019,155,3.083,0.026,0.105,0.225,0.035,2.780866,2.780866,0.235,2.576
South Sudan,2019,156,2.853,0.306,0.295,0.01,0.091,2.5734060000000003,2.5734060000000003,0.202,3.4289999999999994
